f00010,f1316615,f1389218,f1198418,f1406718,f1419518,f1389418,f0002013,f1255913,f1397315,f1248115,f1248215,f1248315,f1248415,f1546915,f1248615,f1397515,f1397615,f1533414,f1249014,f1547015,f1397715,f1248715,f0355404,f0978719,f1249219,f1249218,f1249217,f1249216,f1249215,f1249210,f1170417,f0474817,f1116017,f0477317,f0479317,f1256717,f1256817,f1256917,f1257317,f1257417,f1556817,f1258017,f1259017,f1527417,f1557217,f1557417,f1263717,f1556317,f1526119,f1351310,f0873810,f0873910,f0874010,f0874110,f0874210,f0874310,f1160310,f1348010,f1348110,f1348210,f1489110,f1541913,f1542013,f1542113,f1322517,f1332317,f1440813,f1443513,f1525110,f1483813,f1526618,f0081176,CountyName,medHomValOwnOcc,MedhouseholdIncome,Num_FoodIll,"NumAdultsNoHealthIns, 2014",NumAdultsNotGovtHealthIns,NumAge1-14,NumAge15-19,NumAge20-44,NumAge45-64,NumAge65up,NumAgeLess1,NumAll,NumChildrenNoHealthIns,NumChildrenNotGovtHealthIns,NumDaysAdultBadPhyH,NumDaysAdultHlthImpactAct,NumDaysSeniorHlthImpactAct,NumEnrolledCollege,NumEnrolledGr1-4,NumEnrolledGr5-8,NumEnrolledGr9-12,NumEnrolledGrad,NumEnrolledKinder,NumEnrolledPreK,NumFemale,NumGrpLiving,NumHouseLingIsolated,NumHousesPre1960,NumHouseUnits,NumMale,NumOwnOccUnits,NumRadonTests,NumRenterOccUnits,pct3TriSmoke,PctAbovePovFoodStamps,PctAdultActive,PctAdultAsthma,PctAdultBinge,PctAdultDiabetes,PctAdultFall,PctAdultHBP,PctAdultHiChol,PctAdultInactive,PctAdultMJ,PctAdultObese,PctAdultOverweightObese,PctAdultPoorHealth,PctAdultsAthritis,PctAdultsBottleWater,PctAdultsBowelScope,PctAdultsCholScreen,PctAdultSeatbelt,PctAdultsFluShot12Mo,PctAdultsHasHlthPrv,PctAdultsHeartDis,PctAdultsMI,pctAdultSmoke,PctAdultsNotBC,PctAdultsNotGovtHealthIns,PctAdultsPneuShot,PctAdultsSawDentist,pctAdultSunProtect,PctAdultsWellWater,PctAlcohol3Tri,PctAsian,PctBelowPovFoodStamps,PctBlack,PctChild2HrScreenWkDay,PctChild2HrScreenWkend,PctChildActive,PctChildAsthma,PctChildCommuteFoot,PctChildFoodStamps,PctChildHouseMJ,pctChildInCarSmoke,pctChildInHouseSmoke,PctChildMHProblems,PctChildObese,PctChildOverweightObese,PctChildPoorHealth,PctChildPov,PctChildProduce,PctChildrenNotGovtHealthIns,PctChildSugarBev,pctChildSunProtect,PctChildUnderweight,PctCompleteAA_BADeg,PctCompleteAdvDeg,PctCompleteHS,PctCompleteHS_GED,PctCompleteNoSchool,PctCompleteSomeCollege,PctCompleteSomeHS,PctDropout,PctEnrolledSchool,PctFARSchool,PctFemaleMam2Yrs,PctFemalePap3Yrs,PctFemalesPreNatal,PctFertileTeen,PctFoodStamps,PctHouseLingIsolated,PctHousesPre1960,PctHSActive,PctHSAsthma,PctHSBinge,pctHSCigarettes,PctHSDUI,PctHSMJ,PctHSObese,PctHSOverweight,PctHSProduce,PctHSSad2Wks,PctHSSex,PctHSSuicideAttempt,PctHSUsingBC,PctLGBTQ,PctLiveBirthLowBWt,PctLiveBirthMomGoodWt,PctLiveBirthMomOverwtObese,PctMotherTalkedDep,PctNA,PctOwnOccHighMortgage,PctOwnOccLowMortgage,PctParentChildSafe,PctPostPartDep,PctPov,PctPregDiabetes,PctPreNatalDentist,PctPrenatalStress,PctRadonHigh,PctRenterOccHighMortgage,PctRenterOccLowMortgage,PctSeniorFoodStamps,PctSeniorsFluShot,PctSeniorsPneuShot,PctUnemp,PctUnplannedLiveBirth,PctWht-Hisp,PctWht-NotHisp,PctWorkersCommuteBike,PctWorkersCommutePublic,PctWorkersCommuteWalk,PctWorkersWorkFromHome,Rate_AIDS,Rate_Campylobacter,Rate_Chlamydia,Rate_Gonorrhea,Rate_HepA,Rate_HepB_acute,Rate_HepB_chronic,Rate_HepC,Rate_HIV,Rate_Pert,Rate_Salmonella,Rate_SeniorFlu,Rate_Shigella,Rate_STEC-ecoli-0157,Rate_STEC-ecoli-Not0157,Rate_TB,Rate_WNV,RateAdultLostTeeth,RateAdultPropertyCrime,RateAdultViolentCrime,RateCA_Colon,RateCA_Female_Breast,RateCA_Female_Invasive,RateCA_Invasive,RateCA_Lung,RateCA_Male_Prostate,RateCA_Skin,RateCHF,RateChildPoorTeeth,RateFastFoodRest,RateHealthyFoodRest,RateHeartDis,RateHospStroke,RateInfantMortality,RateJuvPropertyCrime,RateJuvViolentCrime,RateLiquorStores,RateMHHospital,RateMI,RateMVAInjuries,RatePoison,RateSuicideHospital,RateWorkInjuryHosp,PctHSConsiderSuicide,RateChildPsych,RateChildPsychPtCare,RatePsych,f0002013_num
Adams,93,"Denver-Aurora-Lakewood, CO Metro SA",511868,1,Central,"Denver-Aurora, CO",01,1,0,0,0,0,0,0,1,0,0,0,0,0,0,0,"Denver-Aurora-Boulder, CO",2,2,2,2,2,2,0,79,23,19,34,2,3,0,0,1,1,0,1,1,1,0,0,1,1,4.71,2.85,34239,46115,26058,23711,12944,10697,20145,10738,505,755,69,4.6,132845,7424,12091,12.4,12.2,13.6,9372,5.3,54.52,5283,Adams,198800,62991,2,53437.2,14221.6,107599.6,35198.1,178387.7,114109.1,48071,7463.5,490829,9023.5,5654.5,3.55,2.4,2.3,21803,29421,29236,27120,4464,7821,7790,244144,3983,8870,26137,467223,246685,301514,1375,165709,10.8,58.2,54.6,9.5,17.2,9,24.3,26.4,31.1,23.5,10.7,26.1,63.5,17.3,20.6,31.5,63.1,73.4,84.8,39.5,71,2.5,2.9,19.3,62.2,4.7,32.6,60.9,70,4.7,6.9,4.8,41.8,4.3,77.7,55.6,34.2,6.3,27.9,66.5,3,3.5,1.3,21.4,10.2,32.2,5.4,17.3,8.8,4.2,18.5,70.8,12.8,23.6,7,75.4,28.8,1.9,22.9,15.9,2.9,28.4,49.4,60.6,77.1,63.1,13.8,11.2,5.7,15.8,25,23.1,18.8,7.2,10.4,20.6,8.7,12.2,12.3,30.6,36.2,18.8,29.3,3.3,9,32.7,52.6,81.3,2.6,11.1,88.6,94,13.1,12.8,10.2,47,69.5,54.2,23.2,73.2,24.7,71.7,78.7,3.6,36.6,35.9,52.3,0.3,3.7,1.2,4.4,4,11,1731.6,200.5,0.1,0.8,12.6,0.2,4.9,28.1,10.2,150.8,3.3,1.1,2.2,1.5,2.6,38.6,2492.2,264.1,39.9,113,8.6,408.3,53.6,101.7,15.7,789.2,10,6.5,1,2499.1,285.3,5.5,3504.8,240.7,2.2,3189.4,208.6,77.9,39,45.4,34,18.8,0.0000449335,0.0000371189,0.0000664234,1
Alamosa,,,16683,0,,,07,11,4,0,0,0,1,0,0,0,1,1,1,1,0,0,"Denver-Aurora-Boulder, CO",2,1,1,1,1,1,1,2,0,0,0,1,0,0,0,0,0,0,0,0,0,0,0,0,0,4,2.45,1812,1985,916,657,359,266,744,343,11,29,0,10.4,3904,421,715,25.4,27.8,13,559,5,97.5,7536,Alamosa,144300,40067,1,1228.3,281.1,3231,1367.7,5220.1,3848.6,2124,216.7,16008,432.8,368.4,3.75,2.8,2.7,2238,921,854,853,140,251,417,7990,1078,343,1829,15191,8018,9170,199,6021,5.1,33.5,55.4,6.8,17.8,5,,22.1,31.4,17.3,16.8,21.1,58.7,12.5,16,36.5,65,57.3,73,37.6,74.1,1.7,4.5,17.2,,2.9,31.4,63.9,66.9,34.3,0.8,2,66.6,2.8,,,,,,41.3,,,,,,,,30.2,,9.1,,,,20,11.2,82.1,25.9,2.2,27.8,13,1.7,36.3,62.7,58.4,68.1,62.9,8,24.1,5.8,27.4,30.4,22.8,13.2,10.7,5.6,19.7,12.9,14.6,12.5,25.9,42.3,15.4,22.9,4.1,11.2,32.9,55.7,71.1,5.9,15.9,83.4,,11,24,4.8,40.9,71.4,26.6,23.3,65.8,24.2,54.5,62.3,4.1,44.4,39.3,49.9,2.6,0.5,7.7,2.2,,6.3,1538.9,180.5,2.1,0,2.1,2.1,,2.1,8.4,113.9,0,0,2.1,0,2.1,35.5,50.8,0,,91.4,,381.1,45.3,94.9,,608,,6.9,1.9,1987.8,176.1,,0,0,4.4,2959.8,216.9,100.8,48.9,33.6,31.4,15.4,0,0,0,7
Arapahoe,114,"Denver-Aurora-Lakewood, CO Metro SA",651215,1,Central,"Denver-Aurora, CO",01,1,0,0,0,0,0,0,1,0,0,0,0,0,0,0,"Denver-Aurora-Boulder, CO",2,2,2,2,2,2,2,145,28,27,81,1,1,0,0,0,0,0,0,0,1,0,0,0,0,1,2.53,62651,72072,35863,30496,13788,9141,24872,12286,723,946,634,4.1,149977,7229,9065,8.2,9.9,14.2,14290,3,63.29,5283,Arapahoe,247600,67062,6,52009.1,13039.7,119375.6,41458.4,219464,165098.9,76963,8204.1,630564,9895.4,7072,3.2,2.1,2.1,31367,32993,34495,34761,9881,7966,10529,320725,4545,10861,24587,603765,309839,385160,2694,218605,8.1,54.2,58.8,8.4,17.4,6.6,28.9,27.3,31.7,19.2,12.9,21.9,58.3,11.9,20.2,13.8,68.3,79.3,86,45,77.2,1.9,2.3,16.9,69.3,3.3,34.7,68.7,67.2,2.2,13.1,6.7,45.8,12.3,78.2,44.4,38.4,5.7,29.9,62.7,2.1,1.9,2.2,21.5,11.3,21.6,5.8,12.2,14.5,4.6,13.5,71.1,9.4,34.5,14.1,80.7,20.4,0.9,23,7.2,2,27.8,43,62.1,76.5,64.7,9.2,7.9,4.7,10.2,22.9,20.5,12.3,6,6.1,20.2,10,11,12.5,28.4,33.1,16.3,30.9,3.2,9.5,33.6,46.5,74.9,1.4,10.9,88.8,95.6,11.7,9.2,4.9,54.6,70.7,54.9,24.1,71.9,23.3,68.1,79.1,3.1,41.7,16.7,62.9,0.4,4.7,1.5,5.9,4.4,11.4,2330.4,298.2,0.5,0.3,16.3,0.5,6.5,22.9,10.4,164.2,1.2,1.1,3.1,2.3,1.1,36.6,349.1,25.9,32.7,132.2,4.6,415.5,44.2,109.9,19.2,692.1,4,7.7,1.2,2365.7,252.9,5.8,260,11.8,2.2,3040.7,135.7,64.4,31.1,45.7,25.2,16.3,0.0000429966,0.000041461,0.0001243829,1
Archuleta,,,13765,0,,,07,10,5,0,0,0,0,1,0,0,0,0,0,0,0,1,"Farmington, NM",1,1,1,1,1,1,2,0,0,0,0,0,0,0,0,0,0,0,0,0,0,0,0,0,0,0,2.27,1408,2389,655,480,200,135,426,271,13,33,0,3.4,2155,27,362,20.3,11.6,16,3495,4,91.23,7238,Archuleta,264200,50361,0,1464.3,502.6,1787.5,653.1,2861.2,4004.2,2960,118,12384,181.1,144.2,2.35,1.1,1.1,217,540,462,606,53,57,191,6173,165,62,523,12009,6211,8223,442,3786,,63.4,65.6,6.1,19.8,4.5,,28.3,44.3,16.4,12.7,16.3,47.5,12,21,16.4,61.8,73.6,90.3,34.7,73.7,1.1,3.2,15.5,,7.1,30.7,57.3,79.7,,,1.1,36.6,1.2,,,,,,39.1,,,,,,,,25.4,,6.3,,,,31.3,11.5,84.8,26,0.4,22.7,8.1,1.3,17.9,46,54.4,74.5,68.4,7.4,9.6,1.2,5.9,33.4,19,20,13,8,26.2,11,12.1,14.8,24.4,39.9,14.6,33.9,0.5,6.3,34.1,39,,3.7,14.9,85.1,,,13.1,,,,25.8,19,73.2,30.9,48.3,60.5,3.3,,16.2,77.9,0.2,0.2,3.8,9.3,0,2.7,1434.2,101,2.7,0,0,0,,21.7,13.6,107.6,0,0,2.7,2.7,0,43.9,703.9,80.5,,121.4,,391.9,,106.4,,297.5,,5.7,1.6,1211,129.3,,1423.1,0,3.2,1426.6,101.9,105.2,13.4,26.5,21.9,14.6,0,0,0,7
Baca,,,3585,0,,,09,12,1,1,0,0,0,0,0,0,0,0,0,1,1,0,"Pueblo, CO",2,1,1,1,1,1,1,0,0,0,0,0,0,0,0,0,0,0,0,0,0,0,0,0,0,0,2.2,590,622,198,155,79,41,110,62,1,4,0,3.8,728,27,165,28.9,19.5,10.2,563,1,,4405,Baca,73200,35405,0,301.3,68.9,591.9,203.7,844.8,989,934,32.6,3596,106.1,90.4,3.35,1.9,,109,136,163,192,15,58,63,1817,101,25,995,3600,1779,2703,45,897,,28.5,63,10.3,6.5,11,,38.4,41.8,20,,27.2,59.4,21.2,37.6,,,81.5,58,49.9,82.8,5.1,5.2,23.3,,3.5,49.1,63.1,,,,0.4,71.5,1.9,,,,,,63.4,,,,,,,,32.1,,11.8,,,,24,4.6,86.8,31.6,0.9,27,11.9,1.7,20.8,63.8,,,57,,11.9,1.6,44.5,34.1,25.8,16.5,12.3,9.5,20.1,15.1,13.8,12.5,25.7,47.6,18.9,28.6,,6.3,32.7,57.3,,1.9,17.6,80.9,,,20.8,,,,64.4,11.5,65.4,23.1,,,1.7,,9.3,86.4,0.8,0,10.1,8.9,0,0,257.7,0,0,0,18.4,0,0,36.7,36.7,,0,0,0,9.2,0,52.8,837.4,34.9,,,,375.4,,,,679.2,,,2.8,1909.4,226.9,0,2153.8,0,,1817.8,111.2,119.7,,,29.1,18.9,0,0,0,9
Bent,,,5882,0,,,07,12,1,1,0,0,0,0,0,1,1,1,0,0,0,0,"Pueblo, CO",2,1,1,1,1,1,1,0,0,0,0,0,0,0,0,0,0,0,0,0,0,0,0,0,0,1,2.34,586,647,241,193,105,60,226,92,4,5,0,7.5,899,72,215,31,24.5,15.2,410,3.1,,3891,Bent,65700,36630,0,479.2,100.6,669.6,273.7,2203,1668.1,982,44.6,5841,75.8,70.9,5.3,4.1,,41,147,272,189,9,81,76,1918,2321,23,1077,3574,3923,2422,33,1152,,37.4,48.7,9.3,6.8,13,,41.5,27.4,27.5,,34.9,67.9,15.9,32.8,,47.1,76.8,76.3,46.8,80.5,12.7,11.6,19,,2.6,46.3,49,,,,1.7,62.6,7.9,,,,,,48.5,,,,,,,,40.3,,8.3,,,,13.9,2.1,83,44.5,1,15.6,22.8,1.8,14.1,75.3,,,54.1,17.5,22.6,1.4,51.8,34.1,25.8,16.5,12.3,9.5,20.1,15.1,13.8,12.5,25.7,47.6,18.9,28.6,2.8,9.1,37,55.6,,3.5,17.3,82.7,,,36.7,,,,81.8,28.8,51.7,27.6,,,3.1,,28.8,58.1,0,0,3.7,8.1,,5.8,990.7,,0,11.6,11.6,0,,75.2,17.4,0,0,0,11.6,0,17.4,45.3,286.1,61.3,,,,320.4,,,,918.2,,1.7,1.7,2264.5,207.7,0,0,0,1.7,3227.4,231.2,61.5,75.7,65.5,25.1,18.9,0,0,0,7
Boulder,58,"Boulder, CO Metro SA",326078,1,Central,"Denver-Aurora, CO",02,2,0,0,0,0,0,0,1,0,0,0,0,0,0,0,"Denver-Aurora-Boulder, CO",2,2,2,2,2,2,2,70,18,18,61,1,3,1,0,0,1,0,1,1,1,0,0,0,2,1.9,2.39,34621,41485,18744,15728,5675,3047,8736,6813,361,737,35,7,62378,3047,3938,8.4,13.1,12.6,7771,1.7,60.5,5445,Boulder,368800,72392,3,20783.8,6013.4,50484.3,24719.4,113251.5,87532.8,40291,2898.1,319177,2597.4,2253,3,2.1,2,34337,14829,14788,14845,8289,3775,5050,159000,10175,3026,18444,299857,160177,192357,3411,107500,4,50.4,71.4,8.3,19,4.4,36.8,21.3,34.9,10.8,20.1,14.1,44.1,10.5,21.7,13.1,65.6,79.8,88.4,46.3,78.9,2.9,2.4,11.4,72.1,2.8,33.5,73.6,76.1,9.3,16.5,5.3,49.6,1.5,86.7,56.8,53.9,8.2,36.1,52.9,3.4,0.2,1.2,20.1,8.5,23.3,,10.9,10.7,3.5,13.9,81.4,7.4,37.7,27.1,90.1,12.7,0.8,16.6,5.1,0.9,31.9,26.1,62.1,81.4,68.9,5.7,5.5,2.5,14.2,21.9,21.5,22.1,10.6,9,24.1,5.4,6,14.9,31.8,29.4,15.6,38.4,6.6,8,36.5,33.6,74.5,1,10.5,89.3,97.5,7.4,12.3,4.7,61.9,59.6,49.6,32.4,62.6,22.9,68.8,76,2.7,28.8,12.8,79.3,4.2,5.3,5,11.1,2.1,18,1087.6,79.8,0.7,0.4,5.9,0.6,2.5,37.4,12.2,130.2,2.2,0.9,2.1,1.5,7.9,30.8,705.7,90,29.1,134.5,4.5,392.3,34.3,111.4,24.9,558.7,5.1,8.4,1.5,1880.8,204.5,4.4,1113.3,57.9,2.1,2184.1,106.6,48.6,24.9,37.7,16.3,15.6,0.0000552015,0.0000552015,0.0001870718,2
Broomfield,12,"Denver-Aurora-Lakewood, CO Metro SA",69267,1,Central,"Denver-Aurora, CO",01,1,0,0,0,0,0,0,1,0,0,0,0,0,0,1,"Denver-Aurora-Boulder, CO",0,2,0,0,0,0,0,12,4,4,1,0,1,0,0,0,0,0,0,1,0,0,0,0,0,0,2.6,5123,7232,3496,3394,1458,711,1693,984,69,107,0,2.4,15427,252,529,4.3,5.2,11.8,1232,1.8,,0,Broomfield,295500,86548,1,3573.4,1046.3,12196.3,4487.3,22050.9,17339.2,8023,691.3,64788,287.4,270,2.5,1.3,1.2,2960,3916,3392,3246,1080,959,1454,32668,335,458,1607,60364,32121,43428,587,16936,,65.7,56.1,6.5,22.3,8.1,,29.4,38.2,11.4,15.6,21.5,55.2,9.6,24.6,8.8,74.5,81.6,83.5,47.1,81.2,1.8,1.9,11.5,,2.6,31.4,68.8,70.8,,,6.9,34.3,1.9,,,,,,55.7,,,,,,,,5.8,,1.7,,,,41.3,19,,14.7,0.4,20.6,4,,29,,65.9,77.9,60.1,4.1,4,1.9,6.5,21.9,21.5,22.1,10.6,9,24.1,5.4,6,14.9,31.8,29.4,15.6,38.4,4.2,7.7,35.3,37.9,,1,8.1,91.5,,,4.9,,,,52.3,20.6,74.9,23.6,71.8,79.4,2.9,,11.4,78.8,0.5,4,1,7.6,,10.7,1306.3,124.4,0.5,0.5,11.3,0,2.7,25.2,12.3,169.7,1.6,1.6,2.7,1.1,4.3,30.4,907.2,32.2,25.8,119.3,,422.3,47.5,117,27.1,513.6,,10.5,0.9,1835.5,219.2,3.4,2638.9,0,1.9,2294.3,117.2,43.3,25.3,35.1,16.7,15.6,0.0000577476,0.0000577476,0.0000144369,1
Chaffee,,,20027,0,,,07,11,5,0,0,0,0,1,0,0,0,0,0,0,0,0,"Denver-Aurora-Boulder, CO",2,1,1,1,1,1,1,0,0,0,1,0,0,0,0,0,0,0,1,0,0,0,0,0,0,0.6,2.15,2287,3389,909,667,244,105,494,408,12,19,0,3.5,2855,101,290,13.2,9.6,15.8,2419,1.1,,7060,Chaffee,274200,50947,2,1899.2,541.1,2403.1,831.2,5301.4,5555,4370,143.3,18604,371.9,371.9,3.7,2.2,2.7,479,589,755,619,124,179,313,8788,1131,48,2033,17178,9816,12698,370,4480,,33,66.8,8.4,14.9,5.9,,25.6,31.4,18.3,16.3,17.6,50,13.4,25,5.4,65.2,79,73.3,35.7,78.6,4.3,5.1,17.4,,4.8,31,60.6,86.2,18.5,,1,67,2.2,,,,,,65.2,,,,,,,,17.5,,12.2,,,,28.5,12.8,83.5,26.7,0.5,23.1,8.3,1.7,17.1,34.1,63.2,70.2,64.7,5.4,6.8,0.6,19.8,30.4,25.7,21.2,19.5,7.7,23.5,10.5,11.3,12.9,34.2,44.2,21.5,30.8,3.1,9,30.3,37.7,,1.7,14,85.2,,,11.7,,,,53.8,15.8,79.7,33.5,55.8,59.5,2.7,,9.4,85.8,5.9,0.2,4.2,11.6,0,27.1,810.6,60.5,0,0,1.8,0,0,9,10.8,94.9,0,0,0,0,0,40.1,684.5,58.1,30.3,151.1,,422,33,109.8,42.3,473.4,,10.2,2.2,1524,190,0,1245.4,146.5,5.9,1828.8,135,92.7,25.8,49.7,25,21.5,0,0,0.0000499326,7
Cheyenne,,,1876,0,,,09,12,1,1,0,0,0,0,0,0,0,0,0,0,1,0,"Colorado Springs, CO",1,1,1,1,1,1,1,0,0,0,0,0,0,0,0,0,0,0,0,0,0,0,0,0,0,0,2.28,266,288,88,69,52,23,45,27,0,3,15,4.3,639,22,68,22.2,11.8,9.2,189,0.5,,4284,Cheyenne,82300,50620,0,135.4,28.4,373,98.4,485.8,530.7,329,29.1,1846,21.4,20,1.95,1.3,,84,126,122,106,15,45,45,931,45,,387,1957,915,1473,5,484,,61.5,51,7.3,12.2,18.3,,31.6,,38.5,,38.8,82.4,11.8,34.3,,,80,55.4,32.3,84.9,3.4,15.4,6.7,,2.7,25.5,,,,,0.9,38.5,0.5,,,,,,53.8,,,,,,,,17.3,,4.3,,,,29.5,5.2,91.3,33.6,0,22.6,9,0.7,28.5,47.5,,,52.8,0,8.7,0,43,42.4,16.7,10.4,15.8,3.2,9.7,16.1,16,10.4,28.6,40.4,19.5,,0.7,3.7,31.6,65,,1.4,10.4,89.6,,,11.7,,,,60,7.1,71.7,20,,,2.3,,12.2,84.9,0.5,0,6.1,10.5,,17.9,474.8,0,0,0,0,0,0,142.8,0,405.3,0,0,17.9,0,35.7,,0,142.8,,,,405.7,,,,596.7,,,5.4,1786.6,215.4,0,0,0,,1789.8,76.5,153.3,,0,75.6,19.5,0,0,0,9
Clear Creek,,"Denver-Aurora-Lakewood, CO Metro SA",9605,1,Outlying,"Denver-Aurora, CO",01,1,2,0,1,0,0,0,0,0,0,0,0,0,0,0,"Denver-Aurora-Boulder, CO",1,2,1,1,1,1,0,0,0,0,0,0,0,0,0,0,0,0,0,0,0,0,0,0,0,0,2.14,1342,1785,500,405,128,48,235,229,15,20,12,3.8,1482,98,112,10.1,6.8,11.5,1477,1.7,53.76,7555,Clear Creek,283900,67262,0,272.9,59.8,1222.1,430.1,2307.3,3562.8,1741,64.8,9328,33.5,26.7,2.9,2.2,,237,370,357,302,148,65,101,4496,131,21,1483,9005,4832,7058,279,1947,,47,66.2,14.3,23,10,,35.2,42.6,13.7,15.2,16.2,43.7,10.1,36.4,,65.3,86.1,87.7,35.9,79.3,7.8,7.2,29.7,,1,32.6,61.6,,,,1.2,53,1.5,,,,,,19.1,,,,,,,,14.3,,1.7,,,,34.3,15.6,79.6,22,0.1,25,3.1,1.3,17.8,27.1,,,71.7,,5.4,0.5,26.1,36.7,24.6,16,14.9,8.8,20.8,6.1,9.2,10.9,31,36.9,18.1,28.2,10.2,11.9,34.3,35.6,,1.6,6,92.3,,,9.6,,,,38.4,22.8,69.5,30.9,,,3.2,,5.2,90.6,0.6,1.2,5.5,13,0,3.6,928.1,92.8,3.6,0,0,0,0,3.6,0,81.5,7.3,0,3.6,0,0,43.6,668,301.2,,125,,378,,174.9,,407.6,,8.6,1.1,1464.2,124.8,19,147.9,0,3.2,2426.6,115.2,87.8,26.4,83.8,42.8,18.1,0,0,0,1
Conejos,,,8200,0,,,09,12,1,1,0,0,0,0,0,0,0,0,0,0,0,0,"Denver-Aurora-Boulder, CO",1,1,1,1,1,1,1,0,0,0,0,0,0,0,0,0,0,0,0,0,0,0,0,0,0,0,2.64,856,1003,422,419,220,198,323,125,5,10,0,4.5,2238,106,425,26.7,21.1,9.2,1168,3.9,,7536,Conejos,107100,37102,0,656.6,150.3,1693.8,559.7,2089.9,2108.1,1485,113.6,8050,231.4,196.9,4,2.8,4.2,297,464,451,527,33,182,256,4071,57,119,1691,8192,3979,6548,64,1644,,37.2,55.3,7.6,10.4,7.1,,32.7,42.1,31.6,17,27.1,62.9,20.4,28.6,17.5,50.1,68.1,69.6,29.8,79,3,2.8,15.2,,3.3,29.2,52.2,82.4,,,0.9,62.8,1.4,,,,,,39,,,,,,,,29.9,,8.7,,,,19.5,5,92.1,32.8,0.9,27.5,14.4,0.9,27.7,60.6,45.2,63.7,60.2,15.8,20.9,4,39.3,30.4,22.8,13.2,10.7,5.6,19.7,12.9,14.6,12.5,25.9,42.3,15.4,22.9,1,10.3,34.6,47.5,,4.1,16.4,83.6,,,20.2,,,,23.4,16.8,65,31.3,62.5,66.2,4.9,,49.1,44.5,0.1,0.6,2.5,5.7,0,16.3,1203.7,,0,0,4.1,4.1,0,4.1,8.2,206,0,0,8.2,0,0,55,66.7,0,,,,294.3,,,,568.7,,1.2,3.7,1736.5,198.3,,0,0,1.2,2611.1,237.8,164.5,19.7,78.7,53.7,15.4,0,0,0,9
Costilla,,,3828,0,,,09,12,1,1,0,0,0,0,0,1,1,1,1,1,0,0,"Denver-Aurora-Boulder, CO",1,1,1,1,1,1,1,0,0,0,0,0,0,0,0,0,0,0,0,0,0,0,0,0,0,0,2.27,520,583,188,122,76,61,167,84,2,4,0,8.1,665,72,212,39.3,29.6,14.4,1063,1.8,,7536,Costilla,102300,27944,1,280.3,64.1,533.2,186.4,826.4,1020.2,982,29.8,3578,98.8,84.1,6.45,4.8,,142,203,118,132,5,23,80,1741,,122,743,3581,1837,2705,106,876,,39.2,42.5,9.9,10.9,7.2,,58.8,51.4,43.2,,42.4,74.5,30,41,,,82.3,50.6,31.8,57.9,2.5,8.7,20.7,,3.3,48.1,61,,,,1.8,60.8,2.6,,,,,,41.2,,,,,,,,43.3,,12.1,,,,12.4,9.6,96.4,27.4,0.8,26.5,23.3,1.9,20.4,84.6,,,51.2,,24.8,8.4,27.8,30.4,22.8,13.2,10.7,5.6,19.7,12.9,14.6,12.5,25.9,42.3,15.4,22.9,2.8,14,35.5,55.8,,6,19,81,,,28.2,,,,29.3,21.1,50.3,35.4,,,4.9,,56.3,33.3,0,1.3,5.1,5.9,0,0,1543.3,0,0,0,9.4,0,,18.7,9.4,142.3,0,0,9.4,0,9.4,49.8,940.1,104.5,,,,327.6,,,,467.1,,,0,1435.1,208.7,0,0,0,2.8,3081.9,218,197,59,114,21.8,15.4,0,0,0,9
Crowley,,,5858,0,,,08,7,4,0,0,0,1,0,0,1,1,1,0,1,0,0,"Pueblo, CO",2,1,1,1,1,1,1,0,0,0,0,0,0,0,0,0,0,0,0,0,0,0,0,0,0,0,2.41,394,477,184,119,73,59,142,42,2,6,0,5,719,30,178,34.2,24.6,18.4,253,2.2,,4310,Crowley,76100,35405,0,429.3,90.1,466.5,197.4,2427.5,1676.9,728,42.6,5539,67.9,63.5,,,,261,348,372,284,58,58,73,1435,1130,5,852,4421,4104,3714,5,707,,38.6,,,,,,,,,,,,,,,,82.6,,,,,,,,2.1,,,,,,1.5,61.4,10.8,,,,,,51.7,,,,,,,,38.5,,10.1,,,,19.4,3.3,97.4,39.1,0.5,21.7,16.1,0,26.8,73,,,42.9,19.2,22.2,0.4,55.1,34.1,25.8,16.5,12.3,9.5,20.1,15.1,13.8,12.5,25.7,47.6,18.9,28.6,,9.6,28.2,59.5,,3.8,18.6,81.4,,,44.3,,,,40,25.9,55.3,25.5,,,3.6,,28.3,55.6,0,0,7.3,2.3,0,12.2,675.8,,0,0,0,0,0,24.5,18.4,,0,0,12.2,0,18.4,,470,40.9,,,,290.5,,,,665.3,,,1.8,2042,234,,0,0,,2820.5,181.7,83,66.5,56.1,33.9,18.9,0,0,0,8
Custer,,,4954,0,,,08,7,5,0,0,0,0,1,0,0,1,0,0,1,0,1,"Colorado Springs, CO",1,1,1,1,1,1,1,1,0,0,1,0,0,0,0,0,0,0,0,0,0,0,0,0,0,0,2.13,580,942,160,147,49,47,93,51,7,8,0,3.6,625,43,122,22.9,15.7,11.4,2031,2.3,,7860,Custer,220400,43995,0,453.8,129.3,485,252,910.8,1426.2,1362,28,4464,88.9,88.9,3.55,3.3,,82,151,246,154,22,30,79,2186,17,15,638,4286,2278,3353,60,933,,26.9,64.5,4.6,4.5,15.7,,42.2,39.7,21.3,,27.3,52.8,12.3,45.2,,,87.3,53.9,36.4,78.8,13.8,15.1,25,,5.2,45.9,60.3,,,,0.7,73.1,1.8,,,,,,30.9,,,,,,,,32.8,,13.3,,,,29,13.6,87.9,18.7,0,32.2,6.5,2.3,18.2,49.6,,,32.4,,8.8,0.8,14.8,30.4,25.7,21.2,19.5,7.7,23.5,10.5,11.3,12.9,34.2,44.2,21.5,30.8,0.8,15.5,34.3,47.1,,1.1,34.8,65,,,15.1,,,,48.3,29.6,55.8,57.1,,,3.2,,5.1,91.2,0,0,4.7,14,0,38.1,247.2,,0,0,0,0,0,15.3,7.6,,0,0,7.6,0,0,55.1,1078.5,215.7,,160.4,,441.4,,151.7,,337.7,,4.5,2.2,1420.6,254.5,0,1117.3,0,4.5,2368.6,128.2,139.3,28.2,25.1,54.6,21.5,0,0,0.0002018571,8
Delta,10,,30953,0,,,06,6,2,0,1,0,0,0,0,0,1,0,0,0,0,0,"Denver-Aurora-Boulder, CO",2,1,1,1,1,1,1,1,0,0,2,0,0,0,0,0,0,0,0,0,0,0,0,0,0,1,2.38,3486,5141,1652,1328,654,442,971,563,24,42,9,6.9,6058,724,900,19.9,16.5,14,1869,2.9,93.27,5055,Delta,193000,42586,0,3278.5,963.7,4886.4,1677.5,7441.3,8511.7,7164,269.2,29950,525.1,496,4.35,2.7,2.1,498,1488,1570,1506,155,299,438,14929,1110,189,3911,29104,15021,20155,99,8949,9.7,43.5,60.2,9.2,12,6.5,22.6,34.7,41.5,23.1,12.1,22.9,61.1,17.2,30,8.4,63.8,69.4,81.1,33.3,75.9,3.1,5.3,15.9,,5.8,31.6,57.4,70,6.8,6.5,1,56.5,1.1,,,,,,44.1,,,,,,,,23.7,,7.9,,,,20.4,7.3,87.2,37.5,0.5,23.7,10.6,2,20.3,56.5,59.5,54.9,68.7,11.9,11.6,1.6,27,36,18.6,15.2,9.8,7.7,17.5,11.2,13.4,12.3,26.3,37.4,14.8,32.9,2.5,8.9,29,44.9,71.9,1.7,18.2,81.2,,14,15.8,5.3,47.4,71.9,47.5,25.5,61.6,39.8,58.8,64.3,5,37.1,13.9,82.3,1.1,0.3,4.9,7.4,0,19.9,1187.9,44.3,0,1.1,5.5,0,0,10,17.7,172.2,1.1,1.1,3.3,0,18.8,51.8,573.2,25.3,28.6,102.1,,353.3,39.3,91.9,18.3,441.2,,6,2,1581.3,223.4,10.3,977.3,0,4,2095.8,174.7,118.9,32.3,37.1,56.5,14.8,0,0,0.0000646141,6
Denver,116,"Denver-Aurora-Lakewood, CO Metro SA",716492,1,Central,"Denver-Aurora, CO",01,1,0,0,0,0,0,0,1,0,0,0,0,1,0,0,"Denver-Aurora-Boulder, CO",2,2,2,2,2,2,2,284,51,50,207,6,4,1,2,1,2,0,2,2,2,0,0,1,0,24.32,2.22,106828,80116,30851,23290,11514,10508,24636,17742,2358,1694,260,7.2,137171,15137,15982,16.9,15.1,14,22690,3.4,48.49,5283,Denver,271300,57886,15,79543.3,19280.2,121554,34631.6,293703.9,148349,75338,9519.5,683096,12415.9,7843.7,3.75,2.2,2.7,37574,30931,26304,23397,14873,8763,11405,341403,15228,14269,127357,634426,341693,329733,2239,304693,6.8,43.4,59.5,8,25.6,6.6,25.2,25,29.6,15.9,16.8,18.4,57,16.8,18,23.9,67.4,74.3,83.1,45.6,68.8,2.5,3.3,18.1,66.9,4.3,32.1,61.6,72.7,,20,4.4,56.6,11,86.3,52.5,42.9,11.2,38.3,54.6,7.6,1.9,1.3,25.2,8.7,19.2,1.7,23.1,10.6,5.2,20.7,77.1,8.7,32.6,17.6,69.1,17.7,1.5,18.3,12.4,4,24.6,67.8,58.3,73.9,60.5,15.2,10.6,5.2,43.3,25.6,20.6,15.2,5.9,8.3,26.1,14.5,12.8,13.6,29.7,36.7,13.1,34.4,8.5,9.1,36.2,42.7,80.2,2.3,11.4,88.2,84.7,8.5,15.7,7.5,52.5,69.8,50.1,23.3,72.4,26.1,71.6,80,3.1,35.5,27.4,54.8,2.3,6.8,4.5,6.5,10.4,14.2,3225.5,539.4,0.5,1.1,15,0.7,16.4,19,10.5,217.1,4.2,0.5,1.7,3.1,1.4,36.8,1389.5,281.5,36.9,128.7,7,433.8,47.8,120.8,17.9,893.3,7.1,8.9,1.3,2586.2,263.7,5.7,1866.3,284,2.8,3573.8,176.5,70.7,39.9,50.6,23,13.1,0.0000711801,0.0000697844,0.0002889076,1
Dolores,,,2074,0,,,09,12,1,1,0,0,0,0,0,0,0,0,0,0,0,0,"Farmington, NM",1,1,1,1,1,1,2,0,0,0,0,0,0,0,0,0,0,0,0,0,0,0,0,0,0,0,2.3,267,356,114,96,46,20,63,40,4,1,0,4.7,361,22,45,14.4,14.1,13.5,569,1.8,,6693,Dolores,119100,44829,0,250.1,85.8,325.1,114.9,493.9,536.7,463,19.4,1953,30.9,24.6,2.85,2.3,,38,106,88,48,10,38,21,953,,1,476,1862,1000,1201,9,661,,28.1,,8.9,15.6,3.5,,,,22.2,,23.6,59.8,7.9,25.1,,,,72.3,,68.3,1.1,6.4,13.3,,7.6,,,,,,0.4,71.9,1.1,,,,,,54.7,,,,,,,,22.4,,5.8,,,,25.6,4.1,84.2,37.8,0.4,21.7,10.4,0.8,19.2,59.3,,,60.6,,9.1,0.1,35.7,33.4,19,20,13,8,26.2,11,12.1,14.8,24.4,39.9,14.6,33.9,,20.4,43.8,43.8,,3.8,13.4,86,,,14.9,,,,55.6,19.1,43.8,21.9,,,4,,5.5,89.3,0,0,25.1,5.4,,16.9,616.2,0,0,0,16.9,0,0,0,33.8,0,0,0,0,0,0,,456.3,130.4,,,,252.3,,,,261.8,,,5.1,1244.7,209.8,0,0,0,5.1,1082.2,108,76.3,,0,,14.6,0,0,0,9
Douglas,54,"Denver-Aurora-Lakewood, CO Metro SA",342776,1,Central,"Denver-Aurora, CO",01,1,0,0,0,0,0,0,1,0,0,0,0,0,0,1,"Denver-Aurora-Boulder, CO",0,2,2,2,2,2,0,42,8,8,27,0,3,2,0,0,0,0,0,2,2,0,0,0,0,0,2.79,18325,33589,17902,20469,8221,3512,7648,3814,231,358,33,1.7,88579,1375,1554,2.3,3.6,10.8,4841,1.1,59.07,6300,Douglas,354700,109926,4,10493.3,1918.1,67670.2,25090.8,98823.4,93171.9,33804,3456.6,322017,3755.7,2762.7,2.55,1.6,1.7,12316,21399,21097,20294,4265,5114,6989,162844,694,1197,2001,306280,159173,252830,1977,53450,3.2,67.2,64.3,9.5,15.6,4.4,22,25,35.4,11,10.5,16.5,55.3,7.7,21.2,17.6,69.6,86.5,90.7,50.1,85.8,2.1,1.5,8.2,57.2,1,33.8,80.1,68,12.8,12.9,5.2,32.8,1.8,84.2,49.8,37.8,4.3,22.9,53.8,4.3,0.8,0.1,21.2,2.7,11.3,,3.3,9.5,3.1,12.4,77.1,10.6,45.9,18.8,91.3,12.9,0.3,20.1,2.1,0.6,31,11.9,67.8,84.5,78,1.8,2.2,1.1,1.7,,,,,,,,,,,,,,3.8,7.9,36.3,35.9,78.3,0.6,8.8,90.9,97,5.3,3.4,2.3,63.8,64.5,49.3,17,77.6,29.4,72.5,76.7,2.7,29.5,7.9,84.6,0.2,1.7,0.9,10.1,0.7,9.4,859.1,57.8,0.7,0.1,5.8,0.2,1.9,18.4,10.8,157.6,1,0.5,3.3,1.2,0.6,24.5,402.4,23.3,33.2,128,4.9,416.4,38.2,111,28.2,530.7,1.5,6.7,0.7,2033.5,215.3,3,785,13.5,1.3,2266.1,112.8,47.6,24.3,35.2,19.3,,0.0000233389,0.0000233389,0.0000787686,1
Eagle,,"Edwards, CO Micro SA",54993,2,Central,"Edwards-Glenwood Springs, CO",05,8,5,0,0,0,0,1,0,0,0,0,0,0,0,0,"Denver-Aurora-Boulder, CO",0,1,1,1,1,1,1,7,0,0,0,0,1,0,0,0,0,0,0,0,0,0,0,0,1,0,2.71,4269,6525,3159,2939,1335,1009,1423,1234,64,54,0,2.9,11760,212,709,7.9,7.7,10.4,12076,3.7,,6497,Eagle,419400,75191,2,7002.6,2422.9,10315.7,3290.1,20696.1,13953.5,4681,643.7,53580,1996.4,1792.8,2.3,1.7,2.1,1825,3345,2331,2828,536,762,1133,25147,70,992,1368,52506,28433,34185,827,18321,3.1,81.3,69.3,8,26.6,1.4,,16.4,30,15.9,12.3,12.8,49.8,12.5,13.7,32,60.3,75,86.9,42.8,72.9,1.7,2.9,8.7,,6.8,24.7,57.1,89.3,,13.9,1.5,18.7,1.4,,,,,,49,,,,,,,,10.6,,14,,,,43,11.9,80.1,17.9,0.8,16.4,10,2.4,25.1,41.1,72.8,83.8,63.2,5.4,3.2,5.6,4.3,24.9,16.4,23.9,13.2,9,24.5,5.9,9.5,14.7,27.7,38,14.6,29.1,1.7,8.9,37.3,39.6,68.4,1.5,17.3,82.1,,6.9,7.6,4.6,51.7,71.5,51.3,18.2,76.2,11.4,79,68.8,2.8,36.8,28.3,67.4,1,7.1,2.1,6.4,5.7,18.2,909.6,37.9,3.8,0,2.5,0,1.9,3.8,16.4,85.2,4.4,1.9,6.3,1.3,0.6,33.6,729.7,107.5,31.8,124.5,,372.4,26,131.7,29.9,370.9,,9.3,3.2,1395.7,146.5,7.4,831.4,106.1,4.3,1217.7,130.3,44.9,5.6,20.4,35.9,14.6,0,0,0,5
El Paso,181,"Colorado Springs, CO Metro SA",713856,1,Central,,02,2,0,0,0,0,0,0,1,0,0,0,0,0,0,0,"Colorado Springs, CO",2,1,1,1,1,1,2,87,13,12,39,1,2,0,1,0,0,0,1,1,2,0,0,0,1,14,2.56,61264,78628,38763,32809,15325,9170,25805,11205,592,958,253,4.8,165138,10375,16103,13.4,11.1,13.8,16893,2.7,63.84,6145,El Paso,218300,60050,23,51273.9,17801,134638.2,49080.5,234737.4,168797.8,80222,9546.1,677022,10313.4,8481.8,3.8,2.4,2,50666,36872,36483,36498,9528,9911,10509,342615,16679,4809,38062,638345,334407,408417,2161,229928,9.6,54.9,59.6,8.2,14.6,7.4,28.7,26.1,36,17.7,12.7,23.7,58.3,13.9,24.2,15.7,69.3,75.6,88.2,44.4,75.7,2.8,3.3,19,60.2,4.2,34.8,68.4,68.5,8.9,7.4,4.1,45.1,8.5,85.2,46.5,44,4.7,22.3,60.5,2.7,4.9,7.2,16.8,7.4,18.5,0.2,14.9,11.8,4.9,16.5,74.6,12.2,33.2,13.9,77.8,21,0.5,25.7,5.7,2.6,30.3,39.6,62.2,74.5,55.5,8.6,9.8,2,14.5,,,,,,,,,,,,,,4.1,9.6,33,49.7,77.2,1.7,11,88.2,96.7,9.6,11,5.3,49.7,78,52.4,22.1,74.1,21.2,65.4,73.1,3.8,43.2,14.2,71.6,0.5,0.8,3.6,5.7,2.6,9.4,1463,280.4,1,0.6,9.3,0.6,3.2,10.2,7.9,108.1,1,0.4,0.8,0.6,0.2,36.1,1165.9,172.7,35.8,116.5,7.2,435.7,48.5,125.7,26.8,571.3,3.8,6.9,0.7,1984.8,297.2,4.9,1132.7,111.8,1.9,2512,148.2,76.4,39,45.3,22.6,,0.000018211,0.0000168101,0.0000546329,2
Elbert,,"Denver-Aurora-Lakewood, CO Metro SA",26282,1,Outlying,"Denver-Aurora, CO",01,1,1,1,0,0,0,0,0,0,0,0,0,0,0,0,"Denver-Aurora-Boulder, CO",2,1,1,1,1,1,1,0,0,0,1,0,0,0,0,0,0,0,0,0,0,0,0,0,0,1,2.75,1297,3431,1396,1265,600,391,487,309,15,50,0,2.3,5380,145,262,6.1,4.8,11.7,559,1.3,,6300,Elbert,337400,90270,1,981.8,252.4,3881.2,1712.8,6186.3,8998.2,3693,222.5,24694,387.1,328.7,3,1.7,3.1,845,1262,1519,1738,246,264,210,12409,86,41,1008,23769,12285,21168,250,2601,6.3,66.8,55.6,7.2,16.4,3.9,17,24.4,33.2,22.9,2.2,23.5,58.1,13.3,29.4,9.2,64.6,80.3,83.5,44.9,80.9,2,3.4,15.2,,1.5,32.3,66.5,66.3,67.5,,1.3,33.2,1.3,,,,,,64.1,,,,,,,,8,,6.2,,74.1,,32.3,8.6,89.3,27,0,28,4,1.3,26.1,22.3,59.6,78.6,73,,4.3,0.5,11.2,42.4,16.7,10.4,15.8,3.2,9.7,16.1,16,10.4,28.6,40.4,19.5,,2.9,7.9,31.6,46,65,1,15.4,84.2,100,5.3,5.9,0.5,57.8,66.9,51.6,17.7,70.7,20.5,58,59.6,2.7,,6,90.4,0,0.2,0.8,11.7,,19.3,675.7,160.5,0,0,2.8,0,,15.2,13.8,126.9,1.4,1.4,4.1,0,1.4,38.9,89.4,5.3,34,140,,401.6,39.7,87.7,,523,,2,0.4,1876.3,240.9,,178.9,0,1.2,2286.6,119.1,106.5,30.9,43,27.1,19.5,0,0,0.0000380489,1
Fremont,15,"Caon City, CO Micro SA",48021,2,Central,"Pueblo-Caon City, CO",04,5,4,0,0,0,1,0,0,0,1,0,0,0,0,1,"Colorado Springs, CO",2,1,1,1,1,1,1,2,0,0,1,0,0,0,0,0,0,1,0,0,0,0,0,0,0,11.1,2.3,4814,6779,2179,1574,781,455,1521,824,35,50,98,5.8,7285,712,1200,21.4,15.8,14,2660,1.8,100,5343,Fremont,158500,41967,1,4993.5,1422.6,5896.9,2297.4,15488.4,12796.9,9692,387.4,46559,977.8,977.8,4.4,2.9,2.4,1597,1320,2170,2184,237,533,634,19850,10628,43,5041,36181,26709,25252,305,10929,12.2,48.7,60,10.7,13.4,10.3,32.3,36.9,38.7,18.2,13.5,25.3,60.8,17.9,25.8,13.3,64.8,73.8,78.2,41.4,79,5,4.1,25,,4.8,36.6,54.5,67.8,13.4,5,1.1,51.3,4.3,,,,,,60.8,,,,,,,,24.8,,12.7,,,,16.9,5.9,79.7,39.2,1.2,24.8,12,3.3,18.9,52.2,58.3,67,55.7,12,14.9,0.3,26.2,30.4,25.7,21.2,19.5,7.7,23.5,10.5,11.3,12.9,34.2,44.2,21.5,30.8,1.3,8.3,32,44.6,78,2.2,13.3,84.9,,14.4,17.2,8.4,49.8,78.6,58,23.2,66.1,21,68.8,76.2,5.3,38.3,12.4,80.1,1.2,0.4,3.2,4,6.5,23.7,1077.4,90.5,0,0,10.1,2.2,,5,10.8,117.3,1.4,0,2.9,0,4.3,55.4,387.9,82.7,43.4,113.2,,452,53.6,114.7,29.8,582.9,,3.9,1.1,1859.7,226.7,3.6,578,82.6,2.4,2883.6,181.9,88,51.8,110.1,31.2,21.5,0,0,0.0000208242,4
Garfield,11,"Glenwood Springs, CO Micro SA",59770,2,Central,"Edwards-Glenwood Springs, CO",05,8,2,0,1,0,0,0,0,0,0,0,0,0,0,0,"Denver-Aurora-Boulder, CO",2,1,1,1,1,1,1,8,2,2,3,0,0,0,0,1,0,1,0,1,1,0,0,0,0,0,2.73,4534,6904,3294,2999,1486,1142,1979,1315,50,78,0,3.3,14814,442,1123,10.6,9.6,11.9,2950,6.1,71.51,5400,Garfield,287500,64487,1,8251.1,1739,12124,3997.5,19047.8,15667.9,6471,773.9,58082,2141.3,1633.9,3.2,1.6,2.4,2211,3414,3338,3393,434,878,1084,28191,1045,977,3678,56031,29891,35847,860,20184,7.8,58.8,66.2,5.1,17.4,4.4,,23.6,28,18.4,13.7,20.8,54,15,21.3,26.9,67.1,71.2,82.2,39.9,69.1,3.3,3.1,19.8,,4.8,31.1,58,74.3,20.7,6.2,1.1,41.2,1.4,,,,,,60.4,,,,,,,,14.6,,10.6,,,,27.1,10.1,83.8,26.1,1.4,22.6,12.8,2.3,27,47.7,48,69.3,66.7,12.2,7.6,4.7,15.8,24.9,16.4,23.9,13.2,9,24.5,5.9,9.5,14.7,27.7,38,14.6,29.1,2.5,8.4,34.8,45,85.6,2.1,21.7,78.1,,5.1,10.3,5.7,42.8,72.6,42.2,20.2,74.9,22.7,53.8,64.3,3.6,51.7,25.7,69.6,2,4.4,2.8,6.7,3.5,22.6,1358.7,84.1,0.6,0.6,4.1,0.6,3.5,22,12.2,174.8,3.5,1.7,4.6,1.7,0,45,707.2,92.6,27.3,117.9,,383.4,41.2,90.7,31.9,443.7,,8.1,1.4,1781,223.7,3.8,885.6,44.3,3.8,2110.7,143.7,61.7,22,40.7,47.1,14.6,0.0000334616,0.0000334616,0.0000501924,5
Gilpin,,"Denver-Aurora-Lakewood, CO Metro SA",6121,1,Outlying,"Denver-Aurora, CO",01,1,5,0,0,0,0,1,0,0,0,0,0,0,0,0,"Denver-Aurora-Boulder, CO",1,2,1,1,1,1,2,0,0,0,0,0,0,0,0,0,0,0,0,0,0,0,0,0,0,0,2.19,713,1070,341,222,71,43,143,156,14,18,0,4,956,35,47,6.4,5.6,10.2,1100,0.9,,7555,Gilpin,252800,67389,0,163.4,35.8,846.3,274,1590.2,2234.4,833,41.2,5819,20.1,16,7.35,2.5,,145,238,278,323,55,22,55,2767,103,,758,5502,3053,4138,327,1364,,69.1,73.5,10.6,30.9,9.7,,24,40.2,16.7,13,24.4,41.3,12.1,52.8,,60.3,66.1,91.6,58.4,68.8,0.7,3.3,32.7,,0.9,61.1,72.7,,,,1.9,30.9,1.6,,,,,,19.5,,,,,,,,12,,1.5,,,,28.1,12,100,24.4,0,31.3,4.2,2,20.2,27.1,,,76.5,0,9.2,0,20.8,36.7,24.6,16,14.9,8.8,20.8,6.1,9.2,10.9,31,36.9,18.1,28.2,2.8,17.7,28,37.5,,1.5,24,75.4,,,8,,,,47.1,27.5,67.8,35.6,,,2.4,,5.9,89.1,0,1.4,3.1,6.7,0,11.7,1075,,0,0,5.9,0,0,0,0,,5.9,0,0,0,0,39.7,3786.1,278.1,,,,412.5,,,,512,,,1.7,1711.4,189.4,0,210.5,210.5,3.4,2112.7,165.6,83.5,21.7,43.7,16.8,18.1,0,0,0,1
Grand,,,15525,0,,,07,10,5,0,0,0,0,1,0,0,0,0,0,0,0,0,"Denver-Aurora-Boulder, CO",1,1,1,1,1,1,1,0,0,0,0,0,0,0,0,0,0,0,0,0,0,0,0,0,0,0,2.26,1899,2648,853,690,257,122,411,365,23,27,0,6.8,2503,274,214,10.8,13.1,13.7,9592,3.5,,8680,Grand,282000,59885,0,1991.3,689,2140.1,830.5,4369,5004.2,2154,117.3,14615,567.7,509.8,2.15,0.8,,412,530,744,662,65,136,98,6872,301,89,1975,14110,7743,9478,521,4632,,60.4,67.8,3.8,25.9,2.7,,15.6,27.2,11.5,29.4,9.4,44.7,6,17.5,,53.6,60.9,82.3,35.4,56.6,1.4,1.5,24.2,,7.1,29.7,76.5,75.9,,,1.1,39.6,1,,,,,,54,,,,,,,,13.5,,18,,,,36.7,9.5,93.8,25.5,0.1,22.8,5.4,1.4,18.9,37.1,,,59.4,,3.8,1.7,12.2,24.9,16.4,23.9,13.2,9,24.5,5.9,9.5,14.7,27.7,38,14.6,29.1,0.8,10.8,33.4,42,,0.8,10.6,89.1,,,8.3,,,,51.3,13.3,80.8,53,,,2.7,,7.7,89.3,0.7,2.2,5.7,9.4,0,6.9,638.5,93.4,0,0,0,0,0,23.1,0,65.8,0,0,6.9,0,0,36,419.1,25.7,,89.2,,306.7,,,,423.1,,10.3,2.7,1457.8,154.1,,147.8,0,5.5,1864.5,144.8,126.6,25.5,27.9,87.6,14.6,0,0,0,7
Gunnison,,,17246,0,,,07,11,2,0,1,0,0,0,0,0,0,0,0,0,0,0,"Denver-Aurora-Boulder, CO",1,1,1,1,1,1,1,1,0,0,0,0,0,0,0,0,0,0,0,0,0,0,0,0,0,2.75,2.22,1989,2572,920,720,227,88,417,513,8,16,0,6.9,2847,56,214,10.1,14.1,12.5,4896,3.3,68.96,7664,Gunnison,319200,47619,2,1856.9,637.3,2392.1,1409.8,6177.1,4167.2,1855,143.8,16145,229.7,182.8,3.3,1.6,1.2,2225,675,602,672,230,225,217,7446,957,48,1905,14694,8699,8644,917,6050,,57.1,68.6,4.6,27.6,2,,25.4,30.4,12.7,20.6,10.9,51.1,6.2,16.9,2.1,60.9,72.2,71.2,36.3,71.4,1.3,1.2,9.7,,5.8,30.3,63,59.4,,,0.9,42.9,0.9,,,,,,43.2,,,,,,,,14.3,,6,,,,46.7,14,94.7,17,0.9,17.3,4,0.7,31.9,26.2,47.5,69.5,75.7,,6.4,0.8,16.5,36,18.6,15.2,9.8,7.7,17.5,11.2,13.4,12.3,26.3,37.4,14.8,32.9,3.7,10.1,34,33.6,,2.7,12.5,87.3,,,12.5,,,,45.9,25.3,67.9,31.8,64,57.9,2.3,,7.2,88.2,10,2.1,14.6,4.7,0,33.6,840.1,25.2,0,0,0,0,,21,23.1,94.2,0,0,6.3,0,0,32.3,850.3,140.4,,108.7,,290.3,,,,484.5,,8.1,3.1,1492.6,100.6,7.1,508.7,0,6.8,1340,122.5,58,11.3,20.6,35.2,14.8,0,0,0,7
Hinsdale,,,811,0,,,09,12,5,0,0,0,0,1,0,0,1,0,0,0,0,0,"Farmington, NM",2,1,1,1,1,1,1,0,0,0,0,0,0,0,0,0,0,0,0,0,0,0,0,0,0,0,2.17,101,169,39,41,7,5,20,15,2,0,0,5.7,148,6,16,15.8,12,8.3,1026,2.4,,9001,Hinsdale,276000,58613,0,102.2,35.1,121.8,45.2,162.5,222.4,208,7.1,767,12.6,0.8,,,,7,23,17,41,2,5,22,369,8,,265,866,398,637,293,229,,100,,,,,,,,,,,,,,,,,,,,,,,,8,,,,,,0.6,0,1.6,,,,,,100,,,,,,,,30.8,,0.4,,,,35,10.7,90.9,21.5,0,27.8,5,1.6,13.9,38.5,,,46.7,0,2.3,0,18.5,36,18.6,15.2,9.8,7.7,17.5,11.2,13.4,12.3,26.3,37.4,14.8,32.9,,,60,,,1.3,18,82,,,10.9,,,,40.3,4.2,83.2,0,,,2.3,,3.5,93,1.4,0,21.3,8.8,0,0,,0,0,0,0,0,0,0,0,0,0,0,0,0,0,,163.1,163.1,,,,,,,,354.6,,,13,970.6,84.2,0,0,0,13,1019.5,,,0,0,0,14.8,0,0,0,9
Huerfano,,,6889,0,,,06,6,5,0,0,0,0,1,0,0,1,1,0,1,0,1,"Pueblo, CO",2,1,1,1,1,1,0,0,0,0,0,0,0,0,0,0,0,0,0,0,0,0,0,1,0,0,2.09,1159,1245,320,228,115,70,268,150,8,15,0,5.3,1023,72,263,32.2,14.8,12.6,1938,1,,6221,Huerfano,147600,33098,0,715.7,203.9,820.7,289.1,1364.5,1958.1,1985,56.5,6474,140.1,140.1,5.3,3.4,1.9,123,403,249,206,37,16,35,3275,215,46,2049,6287,3199,4725,239,1562,,52.9,43,23.4,9.2,15,,29,45.8,37.2,6.2,37.7,80.3,23.7,41.9,,63.4,78.2,62,35.6,72.5,2.4,5.8,22,,5.9,39.5,59,,,,1.5,47.1,1.5,,,,,,36.7,,,,,,,,41.6,,13,,,,22,12.2,94.7,27,1.5,27.2,10,0.3,16.6,72,,,49.6,13.2,17.2,1.5,40.1,34.1,25.8,16.5,12.3,9.5,20.1,15.1,13.8,12.5,25.7,47.6,18.9,28.6,4.4,11.4,36.7,49.6,,6.2,23,77,,,23.2,,,,26.4,24.4,55.7,46.2,49.3,50.8,6.4,,28.4,62.4,0.8,2,11.4,5.6,,15.5,1425.4,198,0,0,15.5,5.2,0,5.2,15.5,105,0,0,10.3,0,10.3,78.3,1654,260.2,,,,424.8,57.3,,,623,,7.7,6.2,1727.1,237.6,,787.4,0,3.1,2823.6,183.2,132,60.3,92.7,16.9,18.9,0,0,0,6
Jackson,,,1399,0,,,09,10,1,1,0,0,0,0,0,0,0,0,0,0,1,0,"Denver-Aurora-Boulder, CO",1,1,1,1,1,1,1,1,0,0,0,0,0,0,0,0,0,0,0,0,0,0,0,0,0,0,2.14,216,271,64,65,20,13,35,35,0,0,0,8.1,289,38,43,25.9,12.8,10.8,637,0,96.2,8099,Jackson,158000,46905,0,187,64.7,188.5,77.8,332.1,432.7,309,12,1352,53.3,47.9,,,,37,73,57,39,1,12,19,646,11,6,435,1324,706,855,108,469,,93.5,,,,,,,,,,,,,,,,,,,,,,,,7.6,,,,,,0.6,6.5,0.7,,,,,,25.8,,,,,,,,25.3,,17.9,,,,17.7,6.5,94.4,41.5,0,21.9,12.4,0,18.2,48.2,,,51.6,0,5,1,34.5,39.7,25.4,17.6,11,5.4,19.7,7.6,9.6,14.4,23.3,33.5,14.8,38,,25,33.3,50,,2.3,8.8,91.3,,,13.9,,,,51.9,22.2,35.4,25.8,,,2.7,,10.2,86.2,0,0.1,12.9,16.2,0,0,511.5,0,0,0,0,0,0,0,0,,0,0,0,0,0,,176.4,0,,,,,,,,520.9,,,7.4,1649,218.9,0,0,0,,1711.8,112.7,239.3,,,215.8,14.8,0,0,0,9
Jefferson,109,"Denver-Aurora-Lakewood, CO Metro SA",580233,1,Central,"Denver-Aurora, CO",01,1,0,0,0,0,0,0,1,0,0,0,0,0,0,0,"Denver-Aurora-Boulder, CO",2,2,2,2,2,0,2,91,16,14,41,1,1,0,0,1,1,0,1,1,0,0,0,1,0,0,2.42,59794,78774,34563,28352,10953,5724,19400,11501,582,1047,520,3.5,114703,4508,6381,7.6,7.8,14.3,11807,1.4,62.74,5637,Jefferson,279500,71209,4,42753.5,11613.9,89917.7,35848.7,178328.3,170082,85172,5881.4,565230,4291.3,3247,3.1,1.8,1.7,29031,26082,26357,29405,8114,6031,8868,284808,8614,3173,35564,543730,280422,391542,3726,152188,4.4,53.7,62.6,9.3,17.9,5.3,25,23.8,35.8,14,13.8,18.3,55.7,10.4,24.5,11.3,70.4,80.7,87.7,47.5,81.1,2.6,2.8,14.6,67.3,3.2,34.4,70.8,71.1,8.5,17.6,3.5,46.3,1.7,84.3,57.1,43.7,12.8,21.3,56.5,0.6,3.2,2,17.7,7.1,19.2,0.6,9.7,6.1,2.8,12.7,75.6,8.8,34.8,15.3,84.5,21.3,0.5,22.6,5.5,1.8,25,32.6,64,78,70.7,5.1,5.4,1.4,15.3,,,,,,,,,,,,,,2.9,8.8,34.3,40.6,75.8,1.4,10.3,89.4,97.7,5.9,7.9,5.6,51.2,73.8,55.7,23.4,72.5,23.2,68.6,76.8,3,40.4,13.9,79.5,0.6,3.2,1.5,7,2.1,10.7,891.4,103,0.4,0.8,7,0.4,3.4,33.1,11,154.2,1.6,1.3,2.3,0.5,1,35.1,1094.2,88,32.7,126.2,4.1,428.8,44,124.7,26.9,596.9,4,7.7,1,1976.5,241.7,3.3,1677.4,82.9,2.7,2718.3,139.8,71.8,31.2,45.8,26.2,,0.0000275751,0.0000241282,0.0000706613,1
Kiowa,,,1383,0,,,09,12,1,1,0,0,0,0,0,0,0,0,0,0,1,0,"Pueblo, CO",2,1,1,1,1,1,1,0,0,0,0,0,0,0,0,0,0,0,0,0,0,0,0,0,0,0,2.24,200,249,72,53,26,19,36,14,1,1,0,3.3,376,28,39,19.1,10.6,9,186,0.3,,4215,Kiowa,83600,42108,0,103.1,21.6,219.1,79.6,346,382.1,350,14.3,1391,16.3,15.2,,,,71,57,91,83,18,30,50,709,33,,363,1430,682,1021,18,409,,57.8,,,,,,,,,,,,,,,,,,,,,,,,2.7,,,,,,0.3,42.2,1.2,,,,,,37.5,,,,,,,,22.1,,5.1,,,,23,7,100,34.3,0,26.8,9,0,28.4,43.6,,,59.1,0,11,0,44.3,34.1,25.8,16.5,12.3,9.5,20.1,15.1,13.8,12.5,25.7,47.6,18.9,28.6,,10,27.7,44.7,,1.1,8.4,91.6,,,13.9,,,,61.1,7.1,55.3,34.4,,,2.1,,6.3,91.2,1.1,0.4,7,8.8,0,0,,0,0,0,0,0,0,0,47.8,580.3,0,0,0,0,0,,,,,,,423.6,,,,346.2,,,7.2,1452.8,87.6,0,,,,2045.6,128.6,76.9,0,,,18.9,0,0,0,9
Kit Carson,,,7163,0,,,07,11,1,1,0,0,0,0,0,0,0,0,0,0,0,0,"Colorado Springs, CO",2,1,1,1,1,1,1,0,0,0,0,0,0,0,0,0,0,0,0,0,0,0,0,0,0,1,2.37,961,1079,365,342,188,103,265,145,4,11,0,6.1,1763,207,246,18.7,11.5,9.1,489,0.8,,4334,Kit Carson,122300,44090,0,609.8,128,1376.9,478,2638.1,2230.8,1396,119.2,8239,96.4,90.2,4.3,1.9,3.3,80,386,417,431,40,99,159,3607,935,72,1240,7045,4632,4796,30,2249,,30.5,44.2,6.2,16,21.3,,41.9,61,27.2,4,33.7,71.5,27.4,28,15.6,40.1,76.6,61.3,43.1,90.8,2.8,3.2,16.4,,2.6,43.7,46.2,78,,,1,69.5,2.6,,,,,,68,,,,,,,,20,,5.2,,,,17.4,3.8,80,38.5,1.2,23.8,15.3,2.3,21.1,58.6,49.8,48,69.8,28.7,8.5,2.4,35.4,42.4,16.7,10.4,15.8,3.2,9.7,16.1,16,10.4,28.6,40.4,19.5,,0.8,9.2,31.5,59.6,,1,10,90,,,12.2,,,,53.3,15.2,64.6,21.5,61.9,66.7,2.1,,17.6,77.8,0,0.7,3.1,7.6,,61.1,687.5,68.8,0,0,4.1,0,0,4.1,20.4,120.1,0,0,8.1,0,4.1,52.3,805.3,173.7,,,,345.8,,,,571.7,,9.7,2.4,1666.1,189,,820.8,0,3.6,1608.9,140.4,116.1,21.9,,54.1,19.5,0,0,0,7
La Plata,13,"Durango, CO Micro SA",56310,2,Central,,04,5,5,0,0,0,0,1,0,0,0,0,0,0,0,0,"Farmington, NM",1,1,1,1,1,1,2,13,0,0,10,1,0,0,0,0,0,0,0,0,0,0,0,0,1,0.8,2.35,5689,8349,3216,2436,915,495,1690,1434,68,116,27,4.7,10378,329,808,10.7,9.6,12.3,4760,2.3,65.75,6550,La Plata,332700,60732,0,6220.5,2135.1,8671.9,3550.5,18505.5,15454.5,8132,592.7,54907,769.4,612.4,3.25,2.2,2.2,4181,2440,2344,2386,574,569,716,27055,1877,151,4391,51305,27852,35164,906,16141,5.5,60,71.4,6.9,19.1,5.2,23.7,23.5,33.5,12.1,23.5,14.8,51.7,9.5,19.4,19.9,68.4,68.1,84.1,38.5,71.1,2.5,3.4,16.4,,6,33.4,62,77.9,48.9,10.8,1,40,0.9,,,,,,46.5,,,,,,,,11.5,,5.5,,,,35.1,16,84.8,19.4,0.6,24.2,4.7,1.1,25.7,35,58.7,70.1,80,3.4,6,0.7,16.7,33.4,19,20,13,8,26.2,11,12.1,14.8,24.4,39.9,14.6,33.9,3.3,8.1,31.4,37.7,80.8,7.7,11.3,87.6,99.1,16.1,9.4,6.7,57,73.6,39.3,21.9,68.8,19.7,66.2,70.7,2.9,31.8,10.3,80,3.3,2.1,5.2,6.1,2.5,10.5,1465.1,146.2,0.6,0.6,4.3,1.9,1.9,39.4,17.9,86.8,0,0,3.1,0,1.2,36.7,343.3,62.6,25.7,121.2,,396.2,33.8,97.1,33.1,251.3,,8,2,1437.1,163.8,2.4,183.6,0,3.1,1619.5,97.9,70.5,15.9,33.9,26.7,14.6,0,0,0.0001775884,4
Lake,,,7824,0,,,06,4,2,0,1,0,0,0,0,0,0,0,0,0,0,0,"Denver-Aurora-Boulder, CO",2,1,1,1,1,1,1,1,0,0,0,0,0,0,0,0,0,0,0,0,0,0,0,0,0,1.75,2.43,873,1038,417,346,151,128,302,227,3,13,0,7.4,1337,75,198,16.8,12.8,13.9,1318,2.1,,10158,Lake,168500,45913,0,779.6,222.1,1413.2,519.3,2691.4,1898,873,88.1,7483,152.6,152.6,2.95,2.3,,426,433,266,308,30,93,42,3519,156,110,2085,7206,3964,4229,31,2977,,70,62.1,6,14.3,8.4,,21.8,27,13.5,,18.4,61.7,17.3,19.8,,,74.2,75.3,26.7,66.8,0.7,0.8,19.4,,4.6,21.2,57.2,,,,0.7,30,1.3,,,,,,39.5,,,,,,,,25.5,,8.4,,,,29.9,7.5,68.1,35.5,0,19.2,8,3.3,22.9,67.2,,,61.6,13.4,8.4,3.6,46.1,30.4,25.7,21.2,19.5,7.7,23.5,10.5,11.3,12.9,34.2,44.2,21.5,30.8,7.8,10,33,45.1,,2.8,13.8,86.2,,,15.7,,,,41.9,17.4,73.7,22.5,,,2.9,,35.2,60.1,1,1.7,11.2,9.1,,13.5,1073.3,,0,0,4.5,4.5,0,4.5,18.1,120.4,0,0,9,0,0,55.1,1059.6,215.5,,,,368.7,,,,894.6,,8,1.3,2163.1,366.8,0,126.3,0,2.7,2253.7,169,63.2,31,34.9,49.3,21.5,0,0,0,6
Larimer,74,"Fort Collins, CO Metro SA",350518,1,Central,,02,2,5,0,0,0,0,1,0,0,0,0,0,0,0,1,"Denver-Aurora-Boulder, CO",2,0,0,0,0,0,0,43,5,5,26,2,1,1,0,0,1,0,1,3,0,1,1,2,2,1,2.42,31187,45675,19145,15233,5883,3172,9273,6956,278,564,56,6.4,65842,2616,4200,8.5,12.4,11.4,12427,1.5,55.07,5001,Larimer,263400,64935,2,26815,7672,54594.2,22366.5,120731.1,84092.6,47477,3570.6,332832,4308,3592,3.25,1.9,2.3,36523,14583,15963,14423,6016,3377,4456,167612,9115,1400,17394,309112,165221,204864,3419,104248,5,54.1,63.7,8.7,21.1,5.5,31.1,22.6,29.5,15.7,14.7,17.3,51.7,9.8,21.4,10.6,67.4,73.7,85.7,43.7,76.1,2.6,3.3,13.4,65.9,3.6,34.2,70.8,68.1,6.3,12.1,2.7,45.9,1.6,90.1,57.5,45.2,11,38.3,50,1.2,1.3,0.7,19.2,17.3,29.3,,10.7,14.9,5.2,11.2,82.8,8.1,36.5,16.7,82.6,19,0.4,23.1,4.3,1.6,31,32.8,64.1,77.6,64.8,7.3,6.6,1.1,12.7,26.4,19.6,16.7,9,5.9,17.6,6.8,12.3,13.9,27.4,30.9,17.3,35.8,3.7,7.9,33.2,43.2,85.6,1.2,10.6,89,99,6.7,12.2,5.3,56.3,72.6,59.5,28.7,66.3,24.1,65.8,74.5,2.8,38.1,10.1,84.4,4,1.2,2.8,7.2,1.3,22.1,1072.5,61.9,1.2,0.4,6.2,0.4,2,25.1,10.6,159.3,1.3,1.3,1.8,0.6,12.7,32.5,847.7,80,31.5,128.3,,390.7,40.8,99.2,15,677.5,6.7,7.7,1,2038.9,251.1,3.6,1605.7,72.2,2,2838.4,157.2,68.7,34.7,76.9,24.8,17.3,0.0000142646,0.0000142646,0.0000741759,2
Las Animas,,,14503,0,,,07,11,0,0,0,0,0,0,1,0,0,0,0,0,0,0,"Pueblo, CO",2,1,1,1,1,1,0,1,0,0,1,0,0,0,0,0,0,0,0,0,0,0,0,0,0,0,2.29,2069,2275,902,633,320,185,674,336,26,24,0,7.1,2465,235,589,29.9,17,11,1833,3,,5746,Las Animas,150600,38858,0,1233.3,282.2,2141.7,716.1,3719.1,4112.5,3221,127.6,14038,434.5,369.9,4.8,4.8,4.5,736,609,783,557,90,138,247,6836,738,152,3999,13765,7202,9681,245,4084,,51.7,52.4,10.3,9.3,16.8,,38.9,47,28.9,15.1,30.2,68.3,19.3,32.6,12.2,55.9,76,81.6,49.5,83.6,5.2,5.6,18.8,,3.4,40.7,42,63.2,,,1.4,48.3,2.4,,,,,,36.3,,,,,,,,28.1,,13.3,,,,23.1,6.4,89.7,28.3,0.8,26.5,14.9,0.5,22.4,55.1,55.1,,32,18.9,17.2,2.6,48.6,34.1,25.8,16.5,12.3,9.5,20.1,15.1,13.8,12.5,25.7,47.6,18.9,28.6,4.3,7.7,33.5,52.2,,4.3,15.5,83.7,,,19.3,,,,29.4,27.6,60.1,30.7,75,82.4,5.2,,38.9,53,0,1,6.5,4.8,,9.4,1411.7,87.3,0,0,2.4,0,,0,16.5,191.4,0,0,0,0,0,48.7,1004.8,26.4,36.6,104.7,,344.3,36.4,101.7,,,,8.5,2.1,2894.8,320.2,0,886.4,0,3.6,4243.9,217.6,105.8,91.7,69.8,59.2,18.9,0,0,0.0000689513,7
Lincoln,,,5610,0,,,08,7,4,0,0,0,1,0,0,1,1,0,0,0,0,0,"Colorado Springs, CO",2,1,1,1,1,1,1,0,0,0,0,0,0,0,0,0,0,0,0,0,0,0,0,0,0,0,2.28,654,677,271,199,98,49,189,73,12,8,0,6.2,1086,79,180,22.9,14,13.8,472,0.5,,5560,Lincoln,118300,43188,0,403.1,84.6,853.1,264.7,1847.2,1547.9,966,70.1,5549,63.7,59.6,2.8,1.4,1.3,124,228,206,247,38,83,81,2328,1715,25,889,3763,3221,2410,7,1353,,47.3,53.7,6.5,10.3,7.4,,30.1,47.5,13.5,3.6,21.2,63.6,12.2,23.7,,50.3,65.7,61.8,38,84.9,1.7,2.7,21,,2.4,31,56.1,78,,,1.3,52.7,6,,,,,,64.9,,,,,,,,25,,5.6,,,,17.5,3.4,85.9,42.2,0.1,16.5,20.2,0.9,19,42.3,65,68.6,45.7,,8.8,1.5,41.3,42.4,16.7,10.4,15.8,3.2,9.7,16.1,16,10.4,28.6,40.4,19.5,,10.6,8.4,33.5,51.4,,1.2,10.7,89.3,,,19.4,,,,42.9,20.2,63.8,21.6,62.2,63.2,2.6,,12.7,78.8,0.4,0,5.6,10.3,0,6.1,631,,0,0,12.1,0,0,0,0,0,0,0,12.1,0,6.1,46.8,358.8,201.8,,,,348.9,,,,495.3,,3.6,3.6,1736.2,191.2,0,0,0,3.6,1935.5,146.8,94.7,25.3,45,58.7,19.5,0,0,0,8
Logan,,"Sterling, CO Micro SA",21528,2,Central,,07,8,4,0,0,0,1,0,0,0,0,0,0,0,0,0,"Denver-Aurora-Boulder, CO",2,1,1,1,1,1,1,0,0,0,0,0,0,0,0,0,0,0,0,1,1,0,0,0,0,0,2.34,2523,2915,1053,895,432,229,752,411,15,19,59,7.2,4570,464,475,17.3,16.8,13.5,934,2.2,,3939,Logan,124700,46306,0,1674.4,351.5,3369.1,1171.3,7839,5961.3,3549,222.4,22112,264.7,247.7,2.9,2.4,5,1543,1045,860,1017,62,268,288,9460,1128,62,4360,20800,12652,14478,23,6322,29.7,48.7,52.5,11.5,20,11.1,,29.2,36.2,28.3,11.8,30.7,59.8,14.5,27.9,39.5,59.9,69.3,67.9,41.6,80.2,2.1,3.8,21.4,,2.5,40.7,55.7,60.4,24.6,8.6,1.1,51.3,4.3,,,,,,52,,,,,,,,17.9,,5.7,,,,23.4,6,86.1,31.3,2.2,26.1,11,1,24,46.9,50,67.7,74.4,16.7,11.2,0.8,48.7,36.9,19.6,14,6.9,3.2,11.8,15,15.3,9.4,30.6,34.1,18.4,20.2,1.9,6.7,29.8,49.5,,1.7,9.5,90.3,,1.6,15.5,4.5,,80.5,17.4,21.9,69.2,6.5,72.6,78.9,3,58.3,14.4,78.5,0,0.3,4.1,4.7,0,33.3,1175.8,67.8,0,0,3,1.5,0,4.5,31.8,114.7,0,4.5,10.6,1.5,18.2,46.4,831.3,118,38.3,104.7,,359,41.9,87.1,,858.4,,6.3,0.9,2502.8,240.8,,931.2,155.2,1.8,2807.7,224.9,109.7,40.8,55.8,54.4,18.4,0,0,0,7
Mesa,45,"Grand Junction, CO Metro SA",153207,1,Central,,03,2,0,0,0,0,0,0,1,0,0,0,0,0,0,1,"Denver-Aurora-Boulder, CO",2,1,1,1,1,1,1,13,1,1,12,0,1,0,0,0,0,0,0,0,1,0,0,0,0,3,2.46,15408,21448,8761,7184,3262,2032,5627,3377,143,223,111,7.3,32158,3389,3738,15.9,16,16,4549,2.1,70.14,4855,Mesa,199000,51449,2,14750.1,5694,26627.1,9495.8,47157.9,38424.4,25729,1814.8,149249,3448.4,1791.6,3.65,2.2,3,9070,7220,7841,7530,1023,1661,2168,75076,3688,630,11054,144146,74173,100609,602,43537,13.1,45.3,59.4,9.9,15.2,6.6,28,26.8,30.5,19.7,9.7,22.8,59.6,13.8,27.5,16.4,68.1,71.7,84.2,40.5,80.8,3.2,3.4,20.7,,6.3,35.7,62.3,72.5,3.5,11,1.2,54.7,1.4,82,53.3,54.2,5,29,53.6,,4.2,4.8,12.4,6,22,,17.8,21.8,5.2,17.7,76.2,15.4,26.5,8.6,78.5,29.1,0.7,25.7,9.4,2.6,25.7,50.6,59.4,73.6,62.6,13,11.3,1.1,17.4,29.4,21.1,13.8,9.1,5.6,21.2,12.2,11.6,12.8,37.8,40.4,19.8,21.2,3.4,8,31.8,48.6,79.8,1.9,13.3,86,93.4,16.3,14.1,9.4,43.3,81.1,40.2,26.3,66.6,25.5,63.8,76,5.4,42.3,12.8,82.6,1.2,0.5,2.9,5.1,0.9,13,1748.4,106.8,0.2,1.4,6.1,0.9,0.9,8.5,10.1,119.3,1.1,0.2,1.4,0.7,4,43.3,1248.6,168.5,33.4,104.7,,388.6,51.9,89.1,22.2,540.5,1.8,6.4,1.3,1836.6,206.5,5.8,1759.9,161.2,2.1,2736.6,143.7,92.1,49.1,115.7,40.7,19.8,6.5271169E-6,6.5271169E-6,0.0000783254,3
Mineral,,,776,0,,,09,12,5,0,0,0,0,1,0,0,0,0,0,0,0,0,"Denver-Aurora-Boulder, CO",1,1,1,1,1,1,1,0,0,0,0,0,0,0,0,0,0,0,0,0,0,0,0,0,0,0,2.01,115,168,37,28,5,2,15,14,0,5,0,3.8,82,0,9,12.9,12,9.4,846,0.5,,8500,Mineral,277100,50481,0,56.6,13,88.1,26.4,167.8,233.2,206,6.5,728,20,8.7,,,,4,19,25,11,,,,360,30,2,285,703,368,592,15,111,,,,,,,,,,,,,,,,,,,,,,,,,,3.4,,,,,,0.4,,1.7,,,,,,,,,,,,,,19,,8.5,,,,33.1,14,100,21.4,0,29.4,2.1,0,8.1,63,,,56.3,0,0,0.5,22.8,30.4,22.8,13.2,10.7,5.6,19.7,12.9,14.6,12.5,25.9,42.3,15.4,22.9,,,26.7,26.7,,1,17.2,76.8,,,9.4,,,,93.3,7,69.8,,,,2.2,,5.4,91.6,1.4,1.4,11.3,18.8,0,0,1242,0,0,0,0,0,0,0,0,,0,0,0,0,0,,168.1,336.1,,,,,,,,670.5,,,13.7,1894.9,199.8,0,0,0,,2052.1,64.6,184.4,156.8,,0,15.4,0,0,0,9
Moffat,,"Craig, CO Micro SA",13188,2,Central,"Steamboat Springs-Craig, CO",07,8,2,0,1,0,0,0,0,0,0,0,0,0,0,0,"Denver-Aurora-Boulder, CO",1,1,1,1,1,1,1,1,0,0,0,0,0,0,0,0,0,0,0,0,0,0,0,0,0,1,2.51,1452,1942,819,709,337,206,616,340,14,12,0,4.6,3297,145,318,13.3,10.1,9.8,731,1.9,79.15,6285,Moffat,175800,59173,0,2018.5,425.4,2711.7,915.9,3697.4,3690.4,1714,193.6,12923,523.8,399.7,2.95,2.8,4.3,386,712,808,775,47,134,240,6335,149,101,1306,12968,6588,8983,87,3985,,53.8,59.7,12,15.4,6.3,,34.1,37.9,24.6,8.5,28.3,67.1,13,21.8,32.5,62.7,73.2,76.9,42.5,68.5,3.3,3.6,18.2,,5.5,27.1,62.4,72.5,36.9,,1,46.2,1.2,,,,,,55.8,,,,,,,,17.4,,11.5,,,,18.7,4.2,88.6,40.3,0.5,26.8,9.4,1.7,24.8,42.8,54,72.5,56.1,13.4,12.7,2,21.2,39.7,25.4,17.6,11,5.4,19.7,7.6,9.6,14.4,23.3,33.5,14.8,38,2.1,7.6,36.1,51.1,,1.7,14.4,85.6,,,11.7,,,,51.7,18.4,72.9,20.2,69.4,74.6,4,,13.4,82.7,0.5,0.7,6.4,4.3,0,5.1,1355,134,0,0,7.7,7.7,,2.6,18,100.3,0,2.6,7.7,0,0,49.8,977,106.2,53.8,124.9,,387.4,,,,545.5,,3.9,0.8,2340.6,231.5,,1446.5,62.9,5.4,2902.7,191.4,83.4,31.4,64.8,91,14.8,0,0,0,7
Montezuma,12,,26158,0,,,06,6,0,0,0,0,0,0,1,0,0,0,0,0,0,1,"Farmington, NM",2,1,1,1,1,1,2,1,1,1,3,0,0,0,0,0,0,0,0,0,0,0,0,0,0,0.2,2.4,2890,4125,1524,1070,545,387,1164,596,28,44,0,7.8,5697,700,949,22.5,16.8,15.2,1553,2.6,72.14,6177,Montezuma,180400,42975,0,3094.3,1062,4663.4,1643.7,7005.8,7313.2,5179,333.9,26139,382.7,304.6,2.85,1.8,2.2,765,1190,1283,1451,206,380,380,13242,242,137,3218,25458,12897,16742,216,8716,17,45.2,57.8,6.3,12.5,8.4,27.9,35.1,35,22.7,7.8,23.5,65.3,13.8,28.8,12.1,57.3,77.4,81.2,39.4,72.7,4.1,3.8,13.6,,7.1,33,63.2,70.3,4,11.8,1,54.8,0.9,,,,,,54.7,,,,,,,,28.7,,5,,,,22.8,11.4,78.5,29,0.5,26.6,9.7,4.2,22.9,60.8,56.3,57.3,62.4,14.6,10.2,1.3,26.8,33.4,19,20,13,8,26.2,11,12.1,14.8,24.4,39.9,14.6,33.9,2.4,10.8,31.3,53.9,81.5,14.3,13.3,86.7,,1,19.3,8.4,36.5,80.9,23.2,18.5,68.3,22.8,51.7,60.8,5,62.2,10.3,73.5,0.5,0,3.9,9.7,0,15.5,2586.6,354.9,1.3,0,6.4,0,,7.7,14.2,67.3,2.6,0,1.3,0,7.7,51.8,1369.9,186.4,34.7,108.9,,397.2,34.4,90.8,22.9,371.3,,5.4,1.9,1510.6,157.4,9.3,1915.3,36.8,3.8,1605.7,144.6,81.9,37.1,56.3,38.1,14.6,0.0000382292,0.0000382292,0.0001146877,6
Montrose,,"Montrose, CO Micro SA",42214,2,Central,,04,5,0,0,0,0,0,0,1,0,0,0,0,0,0,1,"Denver-Aurora-Boulder, CO",2,1,1,1,1,1,1,2,0,0,2,0,0,0,0,0,0,0,0,0,0,0,0,0,0,0,2.47,4256,6474,2179,1897,1043,635,1482,725,43,59,18,8.1,9052,1192,1145,17.2,17.8,13.7,1766,3.3,78.83,5830,Montrose,190900,46860,0,4372.1,1285.1,7211.8,2863.1,10449.9,11097.6,8843,445.7,40911,700.3,661.4,3.25,1.6,1.2,873,2065,1978,2374,260,567,711,20787,559,442,2972,40256,20125,28648,405,11608,17.6,54,67.2,10.9,15.3,10.4,22.5,22.5,29.2,16.3,7.5,19.2,54.6,17,26.4,10.9,63.8,75.9,80.7,38.3,75.3,4.3,3.3,21.2,,5.5,31.1,61.6,62.6,5.6,5.6,1.3,46,1.1,,,,,,48,,,,,,,,25.2,,6.8,,,,22.3,9.2,79.3,31.6,1.4,24.4,11.2,2.6,22.2,47.5,55.2,64.9,63.6,8.8,14.3,2.6,16.2,36,18.6,15.2,9.8,7.7,17.5,11.2,13.4,12.3,26.3,37.4,14.8,32.9,2.7,7.7,35,47.5,74,2.3,19.6,79.8,,6.8,17.7,1.8,49.2,66.3,57.5,24.6,65.3,29.4,64.5,72,4.2,31.8,18.4,76.9,0.4,0.2,2.7,5.2,4.1,23.7,1324.6,30.6,0.8,0,2.5,0,2.5,5.7,15.5,73.9,0,2.5,8.2,0.8,2.5,43.7,1232.9,102.2,32.7,98.8,,370.1,50.5,84.7,24,443.5,,6.1,2,1611.6,186.5,2.9,1494.8,0,3.4,2064.6,156.9,101.5,25.3,64.2,32.2,14.8,0,0,0.0000473776,4
Morgan,,"Fort Morgan, CO Micro SA",28558,2,Central,,06,3,3,0,0,1,0,0,0,0,0,0,0,0,0,0,"Denver-Aurora-Boulder, CO",2,1,1,1,1,1,1,0,0,0,0,0,0,0,0,0,1,0,0,0,0,0,0,0,0,2.6,2.68,2630,3364,1527,1314,821,638,1170,521,11,32,0,4.6,7287,502,768,14.9,9.3,12.1,1196,4.7,,4321,Morgan,145500,49087,0,2076.2,435.9,6066.4,1863.2,8191.7,7175.4,4523,455.3,28275,328.3,307.1,2.55,1.6,3.3,979,1643,1554,1815,175,392,634,14314,527,855,4170,27832,13961,18452,55,9380,12,64.1,47.6,6,15.9,9,,20.8,34,28.7,5.5,27.6,67.7,14,18.3,25.9,60.8,62.3,80.9,47.1,77.3,3.4,3.4,14.6,,2.7,27,51.6,74.7,7.5,6.1,1.1,35.9,3.3,,,,,,70.1,,,,,,,,16.9,,3.9,,,,16.8,6,83.4,32.1,2.2,25.3,17.7,2.3,26.6,63.6,64.7,77.3,68.5,15.3,12.8,8.2,36.4,36.9,19.6,14,6.9,3.2,11.8,15,15.3,9.4,30.6,34.1,18.4,20.2,3.2,6.5,30.8,58.8,77.3,1.9,10.1,89.8,,11.2,12.1,6,45.2,62,65.5,16,75.8,15.3,71,74.2,3.5,39.4,33.2,60.5,0.2,0.1,4.4,4,,44.9,1639.1,138.8,0,0,15.4,0,0,26,21.3,210.5,0,2.4,7.1,1.2,27.2,43.4,912.2,102.4,29.4,116.4,,356.4,53.8,90.7,,,,3.9,1.4,2571.2,249.4,6.2,659.5,60,3.2,3207.4,216.1,106.6,32.1,69.1,77.1,18.4,0,0,0,6
Otero,,,18432,0,,,06,6,0,0,0,0,0,0,1,0,0,1,0,1,0,0,"Pueblo, CO",2,1,1,1,1,1,1,0,0,0,0,0,0,0,0,0,0,0,0,0,0,0,0,0,0,2,2.38,2363,2708,1124,838,440,256,1007,416,15,19,38,10.8,4272,672,808,25.2,22.9,12.3,1240,2.1,,4178,Otero,91900,34970,0,1497.6,342.7,3502.1,1088.4,5052.1,4848.4,3603,194.1,18288,527.7,449.2,4.65,2.8,2,1089,1003,934,1149,147,169,506,9328,512,308,4655,18060,8960,11661,25,6399,,30.3,54,6.9,17.5,9.4,,36.7,38.8,26.5,13.3,30.5,65.4,29,32.8,39.4,62,73.5,72.5,47,84.1,4.5,5.4,17.6,,3.3,41.3,44.9,80.7,,,1.2,69.7,1.9,,,,,,50.9,,,,,,,,30.6,,10.1,,,,23.5,4.9,91,28.9,1.6,27.5,13.7,1.2,27.9,68.8,47.3,59.6,53.5,28.9,19.5,4.1,52.2,34.1,25.8,16.5,12.3,9.5,20.1,15.1,13.8,12.5,25.7,47.6,18.9,28.6,5.7,9.7,28,54.7,,4.2,11.8,87.8,,,20.6,,,,44,26.4,64.5,29.1,58.9,58.6,4.8,,37.2,55.5,0.5,0,3.7,6.8,,18.1,1582.9,248.3,0,0,5.4,1.8,,81.5,39.8,65.9,5.4,1.8,1.8,0,10.9,45.4,1416.8,100.2,48.5,106.9,,402.7,,109.5,,,,7.1,1.6,2824.4,280.4,8,543.7,0,2.7,3912.6,246.2,125.9,90.5,47.4,39.4,18.9,0,0,0,6
Ouray,,"Montrose, CO Micro SA",4833,2,Outlying,,09,10,5,0,0,0,0,1,0,0,0,0,0,0,0,0,"Denver-Aurora-Boulder, CO",2,1,1,1,1,1,1,0,0,0,0,0,0,0,0,0,0,0,0,0,0,0,0,0,0,0,2.19,535,968,245,174,75,25,105,97,9,13,0,5.5,671,24,59,9.8,10.4,14.2,1061,1,,8756,Ouray,388600,60402,0,469.9,138.1,605.2,258.3,1092.6,1493.2,1185,23.6,4658,75.3,71.1,4.3,5.9,,66,97,225,233,18,20,51,2342,,15,531,4580,2316,3209,320,1371,,56.8,74.7,6.2,14.9,9.3,,,,12.6,,6.3,39.1,16.3,38.8,,,83,84.6,35.4,83.6,2.2,9.7,0.3,,4.9,29.3,62.4,,,,0.7,43.2,0.9,,,,,,9.5,,,,,,,,15.2,,8.4,,,,36.3,21.2,97.3,19.4,0.1,21.3,1.8,2,15.8,30.6,,,64.2,,3.7,0.8,17.2,36,18.6,15.2,9.8,7.7,17.5,11.2,13.4,12.3,26.3,37.4,14.8,32.9,,10.5,31.9,38.5,,0.7,21.1,77.4,,,9.4,,,,58.8,17.3,64.2,32.4,,,3.8,,5.6,92.2,1.1,0.3,10.8,11.3,0,0,533.8,0,0,0,7.3,0,0,0,7.3,0,7.3,0,14.5,0,0,60.9,0,0,,,,352.3,,,,189.5,,6.4,6.4,1009.7,54.8,0,250.6,0,4.3,1193.9,100.7,70.8,,38.4,,14.8,0,0,0,9
Park,,"Denver-Aurora-Lakewood, CO Metro SA",18556,1,Outlying,"Denver-Aurora, CO",01,1,5,0,0,0,0,1,0,0,0,0,0,0,0,0,"Denver-Aurora-Boulder, CO",1,1,1,1,1,1,0,0,0,0,0,0,0,0,0,0,0,0,0,0,0,0,0,0,0,0,2.25,1940,3205,921,725,258,125,388,360,25,41,12,2.2,2760,27,229,10.8,6.6,14.9,6773,1,100,7733,Park,244800,63319,0,1728.3,492.4,2276,841.8,4072.3,6467.9,2877,124.1,16659,338.4,338.4,2.8,1.5,2.5,355,572,668,828,193,172,137,8021,123,14,1313,16066,8638,13466,309,2600,,65.5,58.5,16.2,15.9,4.2,,28.4,39.9,15.2,22.9,19.1,52.8,5.4,21.1,7.7,44.7,74.5,85.3,41,62.1,9.6,1.9,11.7,,4.5,31.2,55.6,62,,,1.1,34.5,1.1,,,,,,42,,,,,,,,14.7,,11.5,,,,30.7,8.8,78,25.5,0.4,30.8,3.9,2,18.5,38,40.7,67.8,66.6,4.2,5.1,0.2,9.3,36.7,24.6,16,14.9,8.8,20.8,6.1,9.2,10.9,31,36.9,18.1,28.2,1,9.9,36,34.6,,1.5,13.5,86,,,9.2,,,,65.4,21,73.5,38.8,59.8,62.4,2.8,,5.4,90.9,0,1.3,1.1,11.1,0,12.2,532.1,49.9,0,0,2,0,,8.1,6.1,75.1,2,0,0,0,0,43.1,289.6,96.5,36.3,105.8,,354.6,26.9,106.9,,366.3,,2.4,0.6,1574.8,150.6,,72.5,289.9,1.2,2199.4,96.2,137.8,37.8,57.2,41.1,18.1,0,0,0,1
Phillips,,,4286,0,,,09,10,1,1,0,0,0,0,0,0,0,0,0,0,0,0,"Denver-Aurora-Boulder, CO",2,1,1,1,1,1,1,0,0,0,0,0,0,0,0,0,0,0,0,0,1,0,0,0,1,0,2.41,565,642,202,228,119,63,115,56,7,2,0,4.1,1078,25,116,15.4,8.1,12.6,268,4.6,,3746,Phillips,132500,48562,0,327.5,68.8,816.3,270.9,1045.7,1177.7,964,56.3,4331,51.8,48.4,4.9,1.5,,50,274,297,248,10,18,100,2202,65,93,1026,4306,2129,3128,7,1178,,43.2,51.3,5.5,20.3,16,,48.2,48.4,23.5,,37.5,67.3,18.2,31.7,,,64.5,58.9,43.6,67.3,11.2,7.4,21.7,,2.9,34.8,,,,,0.8,56.8,1.6,,,,,,43.2,,,,,,,,16.7,,4.6,,,,25.8,6.5,90.3,29.1,0.5,26.7,11.3,0.9,23.6,40.2,,,78.4,15.4,7.7,5.4,52.9,36.9,19.6,14,6.9,3.2,11.8,15,15.3,9.4,30.6,34.1,18.4,20.2,1,8,40.1,54.1,,1,9.8,90.2,,,11.1,,,,42.9,19.8,64.6,26.5,,,2,,20.5,76.1,1,1.2,8.1,3,0,45.9,1091.6,,0,0,0,0,0,76.5,7.7,0,0,7.7,7.7,0,0,,422.6,150.9,,,,385.3,,,,683.9,,2.3,4.6,2089.2,243.5,,200,0,2.3,2443.1,203.3,134.4,,47.6,37.6,18.4,0,0,0,9
Pitkin,,"Glenwood Springs, CO Micro SA",17950,2,Outlying,"Edwards-Glenwood Springs, CO",07,8,5,0,0,0,0,1,0,0,0,0,0,0,0,0,"Denver-Aurora-Boulder, CO",0,1,1,1,1,1,1,4,0,0,0,0,0,0,0,0,0,0,0,0,0,0,0,0,0,0,2.09,3097,2895,1034,739,259,128,478,512,40,20,0,4.2,2799,25,126,6.2,7.1,18.6,4801,1.4,100,7928,Pitkin,620700,76663,0,2300.5,796,2344.9,904.3,5764.5,5785.5,2914,131.8,17845,655.9,589,2.25,0.8,1.1,612,400,719,1085,339,200,155,8454,125,107,863,17295,9391,11457,841,5838,,62.6,84.8,10.2,16.5,4.3,,23,32.7,4.5,11.4,9.6,31.8,4.8,27,,63.9,92.9,89.3,44,87.4,1.3,0.7,4.9,,6.6,35.5,84.2,,,,1.7,37.4,1.3,,,,,,20.6,,,,,,,,7.6,,19.1,,,,49.2,16.9,93.3,11.5,0.4,17.6,4.5,0.3,20.7,4.8,,,85.8,0,1.7,1.4,6.6,24.9,16.4,23.9,13.2,9,24.5,5.9,9.5,14.7,27.7,38,14.6,29.1,1.1,9.3,42.6,23.9,,0.5,24.1,75.7,,,7,,,,43.3,13.3,79,19.8,,,3.4,,9.2,87.3,5.7,11.9,10.4,10.4,5.7,28.4,1011.5,79.9,1.9,0,3.8,0,,7.6,26.5,60.9,0,0,11.4,3.8,0,29.6,547.5,54.8,,116.9,,311.3,,71.4,,176.1,,10.6,3.4,1082.9,161.8,15.5,137.2,68.6,5,1156.7,53.6,45.3,12.7,14.7,54.6,14.6,0,0,0,7
Prowers,,,12164,0,,,07,11,0,0,0,0,0,0,1,0,0,1,0,1,0,0,"Pueblo, CO",2,1,1,1,1,1,1,1,0,0,0,0,0,0,0,0,0,0,0,0,0,0,0,0,0,1,2.48,1395,1733,707,545,347,208,650,270,5,27,0,6.6,3038,234,520,23.3,18.3,12.4,1007,2.2,98.33,3617,Prowers,87400,41348,0,998.2,228.4,2511.6,783.7,3256.8,3191.7,1985,164.2,11893,351.7,299.4,4.25,2.9,4,645,658,731,750,91,126,271,6014,394,166,2801,11841,5879,8129,72,3712,3.9,35.1,46.4,13.7,15,21.2,,32.9,34,24.9,2.3,38.7,71.9,26.6,27.7,53.2,49.1,69.9,70.3,38,79.6,9.2,8.1,16.5,,3.4,30.4,53.4,,,4.3,0.5,64.9,1.4,,,,,,44.7,,,,,,,,27.9,,9.5,,,,22.3,3.9,79.3,27.8,1.2,27.4,17.4,1.2,27.9,64.3,47.7,,60.4,18.3,17.6,3.4,47.5,34.1,25.8,16.5,12.3,9.5,20.1,15.1,13.8,12.5,25.7,47.6,18.9,28.6,2.6,6.6,29.6,58.2,80.3,2.1,8.3,91.6,,10.9,19.6,3.5,69.3,77.3,45.8,21,67.5,22.4,51.6,67.3,3.3,37,34.5,61.6,0.3,0,3.9,6.7,0,19.4,1456.4,0,2.8,0,2.8,2.8,,80.2,27.7,241,0,2.8,5.5,5.5,36,43.2,1080.2,45.5,,110.7,,400.1,69.3,110.8,,995.4,,8.4,3.4,2539.7,296.9,,414.7,138.2,2.5,2966.7,167.7,85.3,43.3,68.2,45,18.9,0,0,0,7
Pueblo,45,"Pueblo, CO Metro SA",167529,1,Central,"Pueblo-Caon City, CO",03,2,0,0,0,0,0,0,1,0,0,0,0,0,0,0,"Pueblo, CO",2,1,1,1,1,1,2,8,5,5,24,0,2,1,0,1,1,0,1,1,0,0,0,0,0,2,2.46,18213,21459,9594,7558,3762,2386,8468,3908,159,231,113,7.9,37068,3786,6099,22.2,19.8,15.8,6554,2.4,95.12,4639,Pueblo,138600,40540,3,15424.1,7974.6,29446.5,11288,49465.5,42756.6,28500,1891.3,163348,810.4,589.5,4.8,3,2.9,9896,8082,9287,9049,1360,2102,2410,82892,4783,1554,24784,156736,80456,100060,1449,56676,8.2,43.7,58.2,12.7,13.5,13.6,26,38,45.8,21.6,11.2,30.9,63.2,24.3,32.6,20.2,63.2,77.5,78.7,49.7,83.8,4.8,5.4,21.9,76.8,8.3,39.9,61.4,71.7,1.7,6.3,1.4,56.3,2.9,76.3,52,57.7,4.6,10.8,51.3,,13.5,8,18.2,27.7,62.1,,27.1,5.9,1.6,28.9,78.1,5.8,25.2,7.9,79,29,1,25.9,11.1,2.5,27.1,64.6,66.7,75,47.2,14.9,19.1,2.5,35.4,29.7,24.7,20.8,13.9,14.6,30.1,15.7,16.2,12.8,34.5,46.5,21,35.3,5.5,8.8,34.1,55.5,74.4,3.6,13.1,86.6,93.8,9.6,19.8,5.1,41.4,80.5,75.1,27,66.9,24.7,67.2,76.2,4.9,52.4,38.7,53.4,0.5,1,2.7,3,1.9,13.4,2096.8,503.1,0.2,0.2,4.7,2.3,3.5,17.1,19.7,152.2,0.6,0.8,1,1.4,3.3,47,893.8,193.8,39.3,125.4,,426.6,48.5,101.2,15.3,758.3,1.8,6.1,1,2626.8,321.5,5.9,430.9,62.4,2.1,4428.1,178.2,97.7,73.2,108.6,32.7,21,0.0000298456,0.0000298456,0.0001432588,3
Rio Blanco,,,6336,0,,,09,10,2,0,1,0,0,0,0,0,0,0,0,0,0,0,"Denver-Aurora-Boulder, CO",2,1,1,1,1,1,1,0,0,0,0,0,0,0,0,0,0,0,0,0,0,0,0,0,0,0,2.43,707,1006,359,349,148,78,195,102,1,1,0,5.1,1581,125,120,10.3,11.8,11.7,662,3.1,66.3,6242,Rio Blanco,204800,61426,0,975.4,205.6,1233.2,424.7,2017.9,1785.9,916,81.4,6459,253.1,193.2,2.8,1.8,1.9,370,406,310,287,74,112,119,3152,557,28,834,6155,3307,4044,115,2111,,25.6,57.6,2.7,13.4,6,,25.1,29.4,20.3,13.9,24.9,69.7,12.1,33,14.6,76,85.4,72.8,35.1,62,1.9,4,19.9,,5.1,25,62.8,86,,,1,74.4,1.9,,,,,,60,,,,,,,,11.2,,12.1,,,,24.1,7.6,87.7,33.7,0.3,25.7,8.6,0.6,26.4,33.4,59.8,71.3,51.8,,6.4,1.1,25,39.7,25.4,17.6,11,5.4,19.7,7.6,9.6,14.4,23.3,33.5,14.8,38,0.2,6.8,37.5,48.4,,1.8,4.5,95.5,,,9.7,,,,43.5,16.1,71.5,9.4,69.2,58.5,5.1,,10.3,85,1.1,0.4,7,9.9,,50.5,609.9,,0,0,5.1,0,0,15.2,15.2,0,0,0,15.2,0,0,49.3,559,79.9,,,,405.1,,,,730.1,,7.7,1.5,1838.8,165.1,,565,141.2,7.7,1726.3,177.3,66.2,23.9,24.7,58.3,14.8,0,0,0,9
Rio Grande,,,11250,0,,,07,11,0,0,0,0,0,0,1,0,0,0,0,0,0,0,"Denver-Aurora-Boulder, CO",2,1,1,1,1,1,1,0,0,0,0,0,0,0,0,0,0,0,0,0,0,0,0,0,0,0,2.47,1269,1814,684,558,265,189,565,272,14,17,0,7.2,2576,308,490,26,18.1,12.2,1851,4,,7884,Rio Grande,133700,40259,3,952.9,218.1,2187,697.4,2990.7,3239.2,2234,126.9,11475,335.8,285.8,4.15,2.8,1.8,392,515,814,628,92,165,222,5793,229,252,2063,11516,5682,7984,232,3532,,41.1,53.9,7.7,13.3,10.8,,34.8,31.6,19.2,3.7,29.2,65.9,14.9,27.3,11.1,70.8,76.3,83.1,44,84.7,3.1,4.1,13.6,,3.3,37.6,42.1,72.6,,,0.7,58.9,1.2,,,,,,52.9,,,,,,,,28.7,,10.1,,,,21.5,8,85.1,29.5,0.7,24.3,16,1.8,25.1,59.4,51.2,65.4,59.9,16.7,18,5.5,31.2,30.4,22.8,13.2,10.7,5.6,19.7,12.9,14.6,12.5,25.9,42.3,15.4,22.9,0.7,11.1,32.4,53.8,,3.9,12.8,86.7,,,17.2,,,,34.1,16.3,76.2,28.1,48,53.9,5.1,,41.3,52.9,0.9,0.2,2.9,4.4,0,25.9,2242.5,107.6,0,0,0,2.9,,17.3,8.6,200.1,0,0,0,0,2.9,49.8,832.3,136.8,,101.2,,346,,127.8,,729.1,,4.4,2.6,2345.9,213.6,7.2,382.8,0,4.4,2990.7,232.4,114.9,35.6,57.2,48.5,15.4,0,0,0,7
Routt,,"Steamboat Springs, CO Micro SA",25733,2,Central,"Steamboat Springs-Craig, CO",07,8,5,0,0,0,0,1,0,0,0,0,0,0,0,0,"Denver-Aurora-Boulder, CO",2,1,1,1,1,1,1,5,0,0,3,0,0,1,0,0,0,0,0,0,0,0,0,0,0,1,2.34,2585,3965,1569,1200,395,178,646,748,26,35,0,4,4591,122,237,7,10.7,12.4,6411,2.8,99.72,6770,Routt,394600,70989,0,3439.9,725,3719.6,1452.3,8140.3,7428.6,3141,221.2,24103,892.7,681.2,2.55,1.8,2.1,1103,1093,987,1069,210,335,233,11370,405,97,1773,23201,12734,15525,938,7676,6.1,47.8,80.7,8.2,17.2,2.3,42.7,20,31.6,12.7,17.8,12.2,52.9,12,20.4,10.1,76.5,72.7,80.2,43.5,75.1,2.4,2.6,12.4,,4.4,24.7,78.5,73.3,14.6,24.9,0.9,52.2,1,,,,,,30.4,,,,,,,,10.9,,13.7,,,,42,16.2,90.3,20.5,0.1,18.3,3,1,22,21.6,60.7,90.1,43.4,2.4,2.9,1,10.8,39.7,25.4,17.6,11,5.4,19.7,7.6,9.6,14.4,23.3,33.5,14.8,38,1.2,8.6,38.8,29.2,81.6,0.8,19.2,80.1,,8.7,8.9,18.7,62.7,68.9,44.2,24.8,66.1,31.5,59.4,69,2.7,42.9,6.4,90.8,3.5,2.5,4.9,8.2,4.2,19.6,928.5,33.2,0,0,4.2,1.4,,2.8,9.8,,1.4,2.8,1.4,0,0,26.4,545.3,52.4,35.6,127.4,,382.1,,121.4,27.9,308.1,,11.2,2.9,1214.3,146.5,4.7,349.3,0,4.6,1504.5,113.2,46.2,6.9,39,29.6,14.8,0,0,0.0001165818,7
Saguache,,,6843,0,,,09,12,1,1,0,0,0,0,0,1,0,1,1,1,0,0,"Denver-Aurora-Boulder, CO",2,1,1,1,1,1,1,0,0,0,0,0,0,0,0,0,0,0,0,0,0,0,0,0,0,0,2.31,872,909,374,254,158,73,267,139,16,13,0,4.7,1398,23,349,33.7,21,18.4,1203,5.6,,7697,Saguache,146700,34209,1,485.8,111.2,1153.9,319,1607.7,1852,1246,79.4,6258,171.2,145.7,4.3,3.5,2.8,136,296,280,293,77,123,96,3078,24,167,1074,6214,3180,4146,251,2068,,32.9,49.3,11.2,13.5,18.4,,34.9,41.1,20.8,19.5,22.9,62.7,24.4,29.3,,49.1,66.4,72.2,44.6,71.8,4.1,5.6,22.2,,3.1,30.2,33.7,,,,1,67.1,1.7,,,,,,51.3,,,,,,,,49.3,,10.2,,,,21.3,9.1,80.6,24.7,1.3,23.6,20,3.7,21.6,89.9,57.5,,51,10.2,16.1,6.4,27.5,30.4,22.8,13.2,10.7,5.6,19.7,12.9,14.6,12.5,25.9,42.3,15.4,22.9,3,12.3,42.3,53,,3.7,19.8,79.3,,,29.6,,,,47.4,17.5,65.5,26.9,47.1,53,4.9,,35,58.6,1,0.9,6.3,6.9,0,32.1,528.8,0,0,0,5.4,0,0,5.4,5.4,85.3,0,0,0,16.1,5.4,45.1,732.5,104.6,,,,306.3,,,,377.3,,,6.4,1195.4,174.2,,162.1,162.1,1.6,1720.9,161.2,158.4,35.9,31.3,69.8,15.4,0,0,0,9
San Juan,,,762,0,,,09,10,5,0,0,0,0,1,0,0,0,0,0,0,0,0,"Farmington, NM",1,1,1,1,1,1,2,0,0,0,0,0,0,0,0,0,0,0,0,0,0,0,0,0,0,0,2.03,140,132,27,25,15,5,17,22,0,0,0,1.9,94,0,12,21.1,3.3,21.8,412,3.1,93.75,9322,San Juan,223200,43489,0,84.7,29.1,89.3,39.7,198.8,207.3,164,5.9,705,10.5,0.6,,,,7,10,13,8,,,9,313,,1,314,606,392,354,36,252,,92.9,,,,,,,,,,,,,,,,,,,,,,,,6.3,,,,,,1.3,7.1,1.3,,,,,,21.4,,,,,,,,33.7,,0.5,,,,33.8,5.1,60,33.5,0,20,7.6,3.2,8.1,60.3,,,78.6,,5,0.4,45,33.4,19,20,13,8,26.2,11,12.1,14.8,24.4,39.9,14.6,33.9,,,42.9,42.9,,0.7,41.4,58.6,,,15.6,,,,72.2,19,62,78.6,,,3.8,,13.4,83.3,17.2,1.8,29.4,4.7,0,0,0,0,0,0,0,0,0,0,0,0,0,0,0,0,0,,167.5,167.5,,,,,,,,,,56.7,14.2,1059.4,,0,0,0,,1266.3,90.4,137.5,,0,,14.6,0,0,0,9
San Miguel,,,8191,0,,,09,12,5,0,0,0,0,1,0,0,0,0,0,0,0,0,"Denver-Aurora-Boulder, CO",2,1,1,1,1,1,1,0,0,0,1,0,0,0,0,0,0,0,0,0,0,0,0,0,0,0,2.13,1296,1151,480,383,107,37,230,248,2,6,0,4.5,1449,88,93,8.8,10.5,18.8,3184,3,100,7017,San Miguel,512800,62793,0,779.5,229.1,1257.3,403.6,2736.2,2457.5,934,70.4,7859,124.9,117.9,2.65,3.3,,77,401,359,216,55,50,133,3646,31,40,713,7645,4213,4287,73,3358,,55.1,63.5,10.8,23.7,4.3,,15,21.4,11.7,,15.7,35.4,11.2,18.9,,,75.4,65.7,41.4,85.1,2.8,3.1,16.4,,4.1,,72,,,,1,44.9,1.3,,,,,,53.7,,,,,,,,13.3,,7.2,,,,44.3,14.2,96.4,18,0,18.1,5.5,0.4,17.3,28.5,,,42.4,,4.4,1.2,10.7,36,18.6,15.2,9.8,7.7,17.5,11.2,13.4,12.3,26.3,37.4,14.8,32.9,1.7,9.1,35.8,29.5,,1.4,38.1,61.9,,,11,,,,57.5,25.7,70.7,20.4,,,3.3,,8.9,87.4,3.1,17.2,11.8,13.2,0,8.6,748.4,,0,0,4.3,0,,8.6,4.3,0,0,0,4.3,0,0,19.8,96.4,0,,,,285.6,,,,264.3,,16.5,3.8,954.5,101.5,0,296.7,0,5.1,850.5,88.8,29.5,,14.5,19.5,14.8,0,0,0.0001220852,9
Sedgwick,,,2303,0,,,09,10,1,1,0,0,0,0,0,0,0,0,0,0,0,0,"Denver-Aurora-Boulder, CO",2,1,1,1,1,1,1,0,0,0,0,0,0,0,0,0,0,0,0,0,0,0,0,0,0,0,2.14,384,418,126,99,48,18,67,39,1,2,0,5.6,491,33,78,23.6,17,12.4,322,2.7,,3469,Sedgwick,86800,40325,0,175.4,36.8,369.7,122.1,575,690.3,594,24.9,2376,27.7,11.9,3.9,2.5,,47,82,135,131,16,23,32,1203,41,21,877,2324,1173,1668,8,656,,50,54.4,3,,23.3,,,,,,,,17.9,44.9,,,72.7,,,,7.9,10.9,,,2.9,,,,,,1.4,50,1.1,,,,,,40.4,,,,,,,,23.8,,2.6,,,,24.5,5.8,55.6,35.1,0.5,25.3,8.8,10.2,20.7,56.4,,,87.5,,9.9,2.2,68.1,36.9,19.6,14,6.9,3.2,11.8,15,15.3,9.4,30.6,34.1,18.4,20.2,,3.9,34.2,63.2,,1,10.8,89.2,,,13.6,,,,50,11.4,82.5,28.7,,,2.4,,14.4,82.1,0.5,1.4,4.8,5.8,0,14.2,1003.1,0,0,0,0,0,0,14.2,28.3,0,0,0,14.2,0,28.3,,640.3,106.7,,,,348.5,,,,710.1,,4.2,4.2,1983.1,167.9,0,0,0,,1974.6,208.6,39.8,0,,151.7,18.4,0,0,0,9
Summit,,"Breckenridge, CO Micro SA",31007,2,Central,,05,8,5,0,0,0,0,1,0,0,0,0,0,0,0,0,"Denver-Aurora-Boulder, CO",2,1,1,1,1,1,1,4,2,2,1,0,0,0,0,0,0,0,0,0,0,0,0,0,0,0,2.36,3022,4827,1785,1392,454,274,659,867,39,55,0,5.1,4760,460,239,6.8,10.3,11.9,18088,4.5,,9065,Summit,478800,69633,1,3755.6,1299.4,4292,1325.2,12146.8,8833.3,3419,282.7,30299,1070.7,961.5,1.65,1.3,1.2,1288,992,1224,1038,366,266,339,13814,363,278,696,28577,16485,17457,1016,11120,,44.9,71.3,5.5,30.9,1.9,,12.4,36,10.9,20.3,9.8,43.9,6.8,15.8,,48.9,71,83.4,40.1,60.6,1.4,0.3,11.6,,6.2,20.4,63.2,78.4,,10.8,1.3,55.1,1.4,,,,,,21.9,,,,,,,,10.3,,18.1,,,,40.1,16.5,90.6,17.2,0,21,5.2,0.5,19.6,32.4,64.7,87.9,73.3,6.1,2.6,2.7,2.3,24.9,16.4,23.9,13.2,9,24.5,5.9,9.5,14.7,27.7,38,14.6,29.1,1.1,12.3,38.3,32,91.7,1.3,23.8,75.5,,14.6,8.7,16.4,58.8,74.8,60.1,25.1,66.6,29.4,,,2.1,59.8,13.7,82.3,2,5.5,7.7,8,3.4,4.5,1296.7,52.1,1.1,0,5.7,0,0,3.4,5.7,83.7,2.3,1.1,3.4,0,1.1,19.3,432.7,41.2,,74.3,,269.1,,89,,269.2,,15.2,2,1107.8,135.7,,456,0,6.3,1218.6,122.6,76,9.8,17.2,36.5,14.6,0.0000645016,0.0000645016,0.0000322508,5
Teller,,"Colorado Springs, CO Metro SA",25083,1,Outlying,,02,2,5,0,0,0,0,1,0,0,0,0,0,0,0,0,"Colorado Springs, CO",0,1,1,1,1,1,0,1,0,0,1,0,0,0,0,0,0,0,0,0,1,0,0,0,0,0,2.37,2312,4387,1340,1092,427,247,643,421,27,54,0,3.7,4291,128,406,12.5,7.5,13.7,2838,2,,6875,Teller,239000,66191,0,1227.1,350,3224.5,1462.3,5372,8755.3,4454,192.9,23461,484.6,413.2,4.75,3.6,3.1,720,814,1066,1374,140,216,319,11607,172,98,1364,23168,11854,18815,456,4353,24,60.3,59.7,9.1,15.1,8.8,22.1,36,41.9,16.5,11.8,21.5,58.3,13.7,36.4,18.2,56.6,77,84.1,39.6,82.1,2.3,3.2,20,,2.4,46,57,65.3,46.1,,1.1,39.7,1.3,,,,,,51.9,,,,,,,,15.3,,9.6,,,,29.6,13.1,81.3,24.8,0.3,25.4,6.7,2.5,20.2,36,67.1,61.4,51.5,6.9,7.8,1,10.7,36.7,24.6,16,14.9,8.8,20.8,6.1,9.2,10.9,31,36.9,18.1,28.2,3.1,14.3,31.9,47.7,63.2,1.4,10.5,89,,17.6,8.8,1.5,40.9,80.3,66.7,26.4,64.5,34.6,68.5,73.6,3.8,56.5,5.7,90.4,0.2,0.4,2.7,7.8,4.3,2.9,715.8,29,0,0,4.3,0,0,10,5.7,47.9,0,1.4,7.1,1.4,0,39.4,803.1,215.2,27.2,164,,419.1,38.1,112.9,39.1,389.9,,5.5,1.7,1648.1,261,,723.7,135.7,3.8,2207,140.1,93.9,39.2,35.1,34.1,18.1,0,0,0.0000398676,2
Washington,,,4909,0,,,09,10,1,1,0,0,0,0,0,0,0,0,0,0,0,0,"Denver-Aurora-Boulder, CO",1,1,1,1,1,1,1,0,0,0,0,0,0,0,0,0,0,0,0,0,0,0,0,0,0,0,2.34,621,746,238,191,109,75,115,58,1,4,0,3.5,1044,39,157,18.3,9.9,10.3,454,2.4,,4663,Washington,113200,47592,0,354.9,74.5,753.1,299.3,1218.9,1458.3,1061,48.4,4839,56.1,52.5,3,2.3,,185,271,226,270,33,59,83,2364,273,13,1313,4522,2475,3288,18,1234,,54.6,50.3,1.9,17.5,9.6,,34.6,57.9,22.7,,36,61.9,10.6,26.3,,60.3,64.3,76.7,34.6,85.1,3.8,3.9,15.1,,2.7,35.5,49.3,,,,0.5,45.4,1.4,,,,,,53.9,,,,,,,,15.6,,5.3,,,,23.4,3.7,93.9,35.1,1,28.7,8.1,0.5,24.2,49.2,,,72.2,,7.7,0.7,54.2,36.9,19.6,14,6.9,3.2,11.8,15,15.3,9.4,30.6,34.1,18.4,20.2,1.9,10.3,30.6,51.4,,0.3,9.3,90.5,,,11.4,,,,72.2,11.3,68.6,35.5,,,2.2,,9,88.7,0.2,0.7,5.2,9.9,0,13.9,307,0,0,0,0,0,0,7,0,226.8,0,0,7,0,20.9,55.4,397.5,106,,,,343.2,,,,717.6,,4.1,2.1,1945.4,128,0,0,0,4.1,2285.8,197.3,122.3,39,26.5,52.8,18.4,0,0,0,9
Weld,54,"Greeley, CO Metro SA",314305,1,Central,"Denver-Aurora, CO",02,2,0,0,0,0,0,0,1,0,0,0,0,0,0,1,"Denver-Aurora-Boulder, CO",2,2,2,2,2,2,2,17,4,4,5,0,0,1,0,0,0,0,0,1,0,0,0,0,0,1,2.76,19221,29675,14547,13642,7267,4997,9369,5135,221,342,273,5.3,75520,4601,5839,10.3,11.2,12.4,6932,2.9,54.79,4653,Weld,210100,69434,1,24639.4,6978.3,59602.8,22977.2,98865.4,66652.8,32597,4180.9,284876,3720.6,2764.1,3.3,1.8,1.6,17741,17435,16747,14898,2486,4294,4452,142459,6499,3008,16364,264449,142418,183116,2300,81333,6.5,52.2,52.6,9.3,16.4,6.6,19.9,23.1,32.5,21,9.7,27.9,65.7,14.5,21.6,18,60.6,72.6,82.9,42.4,75.4,3.2,4.4,16.6,75.2,3.9,28.8,61.2,67.8,13.7,10.1,1.9,47.8,1.8,87.6,49.6,37.5,7.1,31.5,61.3,2,3,2.3,15.1,15.1,27,,13.5,14.1,3.6,15.6,76.2,7.4,26.7,8.3,82.7,27,1.3,24.8,11.9,2.4,30.1,50.5,57.1,74.7,61,12.6,9.6,3.2,16.5,,,,,,,,,,,,,,2.5,7.9,32.2,50.8,82.4,1.9,11.1,88.4,92.6,10.9,11.3,8,54.5,71.3,56.4,22.5,69.1,23.5,66.8,73.5,3.4,42.5,27,67.3,0.6,0.6,2.3,5.2,1.8,26.4,1385.5,104.9,0.6,0.2,5.9,0.6,2.3,40,14.7,206.7,1.6,1.7,3,0.5,9.4,37.9,925.9,133.8,36.1,119.3,5.9,388.1,42.8,90,16.9,938.7,7.9,5.5,0.9,2578.8,280.9,4.6,1532.3,78.6,2.1,3254.1,188.3,90.9,45.8,59.8,47.8,,0.0000127265,0.0000127265,0.0000159081,2
Yuma,,,10020,0,,,07,11,1,1,0,0,0,0,0,0,0,0,0,0,0,0,"Denver-Aurora-Boulder, CO",2,1,1,1,1,1,1,0,0,0,0,0,0,0,0,0,0,0,0,0,0,0,0,0,0,0,2.49,1120,1377,520,512,253,170,301,164,8,5,0,7.3,2696,320,303,16,14.3,10.5,514,3.1,,3575,Yuma,136400,48934,0,740.5,155.5,2117.1,588.2,2846.8,2559.5,1873,140.5,10125,117.1,109.5,3.15,1.1,2.3,435,655,351,633,51,120,289,5106,125,220,2124,10060,5019,6516,29,3544,,37.9,44,5.5,16,8.1,,24.9,39,27,17.4,24.5,61.8,22.7,22.5,10.8,41,74,60.4,34.8,68.1,5.6,6.9,21.6,,2.7,31.3,72.4,,,,0.7,62.1,0.7,,,,,,56,,,,,,,,18.6,,4.1,,,,22.6,6.8,89.5,31.7,1.9,27.3,9.7,1.4,26.2,58.3,54.4,,72.7,15,7.6,5.7,47.9,36.9,19.6,14,6.9,3.2,11.8,15,15.3,9.4,30.6,34.1,18.4,20.2,3,7.8,34.3,55.1,,0.9,8,92,,,14.1,,,,62.1,13.2,68.3,27.3,53.3,58.3,2.2,,21.1,76.7,0,0.2,10.6,7.7,,81.8,1058.5,0,0,0,0,0,,9.8,22.9,162.3,0,6.5,9.8,3.3,0,51.2,171.2,13.2,53.6,,,378.9,63,,,719.9,,2,3,2051.9,173.2,,90.9,0,4,2048.1,174.4,126.8,22.5,,53.3,18.4,0,0,0,7
